id,code,name,geographiczoneid,typeid,active,enabled
C9B8E4A1-95BD-4F6C-BA93-EFC5029C8104,ES015,HD DOUME,6583B2F2-EAF4-4B88-88A2-5B5ABF0F8539,3b8f731e-9aa2-4f29-af8c-20d0b7f40992,true,true
A589307A-3280-4427-BFC2-2A1470360818,ES130,CMA DOUMAINTANG,6583B2F2-EAF4-4B88-88A2-5B5ABF0F8539,3b8f731e-9aa2-4f29-af8c-20d0b7f40999,true,true
A2B741B5-17FC-4B8A-8EF1-976AC136C140,SU010,FCB,575D3794-8D1D-4583-8917-A0769F8E7B7F,3b8f731e-9aa2-4f29-af8c-20d0b7f40992,true,true
82F02B9A-3B36-4430-8EF8-11AC5AAA5A2B,SU104,CMA NKOLANDOM,7326D098-7EF6-4173-89D7-B76CAEE5AABE,3b8f731e-9aa2-4f29-af8c-20d0b7f40999,true,true
F1E4264C-EE4A-423C-BCF0-A790C368D186,SU117,CMA Ngoulemakong,7326D098-7EF6-4173-89D7-B76CAEE5AABE,3b8f731e-9aa2-4f29-af8c-20d0b7f40999,true,true
7FFD0C02-9A2E-4C0A-8D59-3F25BAE4CFCF,ES073,CSC DOUME,6583B2F2-EAF4-4B88-88A2-5B5ABF0F8539,3b8f731e-9aa2-4f29-af8c-20d0b7f40999,true,true
6B61FAAD-0B1B-4FA2-8BD1-0459C48EA54B,ES074,CMA DIMAKO,6583B2F2-EAF4-4B88-88A2-5B5ABF0F8539,3b8f731e-9aa2-4f29-af8c-20d0b7f40999,true,true
97DAA6B0-8A1B-4126-B5AD-A47BAEBDA57B,SU209,CSI NKOLENYENG,575D3794-8D1D-4583-8917-A0769F8E7B7F,3b8f732e-9aa2-4f29-af8c-20d0b7f40999,true,true
8A4B6CE6-CDE7-42C6-A841-30FE30662D09,SU092,CMA EFOULAN,7326D098-7EF6-4173-89D7-B76CAEE5AABE,3b8f731e-9aa2-4f29-af8c-20d0b7f40999,true,true
A5CE23E7-2502-4240-A205-EF34B109EF93,ES064,CSI BIRPONDO,A91C7AC4-3F3F-4244-8034-4A6A8B598F55,3b8f732e-9aa2-4f29-af8c-20d0b7f40999,true,true
CA1341DA-05F7-4D95-A515-C375854DB259,ES001,HR Bertoua,A91C7AC4-3F3F-4244-8034-4A6A8B598F55,3b8f731e-9aa2-4f29-af8c-20d0b7f40992,true,true
1E34989B-6505-48AE-8D0A-1E1C8C4A1075,SU013,CS Mission Chretienne Nkoenvone,7326D098-7EF6-4173-89D7-B76CAEE5AABE,3b8f732e-9aa2-4f29-af8c-20d0b7f40999,true,true
9B27C6D3-872B-4089-B5FB-D8CCEDD2A6BE,SU197,CSI KOUM YETOTAN,575D3794-8D1D-4583-8917-A0769F8E7B7F,3b8f732e-9aa2-4f29-af8c-20d0b7f40999,true,true
70FCB74A-6E36-4595-9CDE-71EC7BAC5EDB,ES01H,HOPE CLINIC,A91C7AC4-3F3F-4244-8034-4A6A8B598F55,3b8f731e-9aa2-4f29-af8c-20d0b7f40992,true,true
280BD330-5622-4BCC-AD12-021545BDD214,ES049,CMA BONIS,A91C7AC4-3F3F-4244-8034-4A6A8B598F55,3b8f731e-9aa2-4f29-af8c-20d0b7f40999,true,true
42E393F2-617E-4C68-9F69-34A56BBE6BA0,SU156,CMA BIWONG BANE,7326D098-7EF6-4173-89D7-B76CAEE5AABE,3b8f731e-9aa2-4f29-af8c-20d0b7f40999,true,true
544DDD29-CC21-43FF-BCE6-DF0CC018E99C,ES059,CMM GARNISON (CENTRE SANTE MILITAIRE),A91C7AC4-3F3F-4244-8034-4A6A8B598F55,3b8f731e-9aa2-4f29-af8c-20d0b7f40999,true,true
779EEBA6-BC23-4ECB-AD09-F10707BB4B07,SU001,HÔPITAL REGIONAL EBOLOWA,7326D098-7EF6-4173-89D7-B76CAEE5AABE,3b8f731e-9aa2-4f29-af8c-20d0b7f40992,true,true
61DB032E-603C-48FD-BCDF-B3EAA8AFEB68,SU199,CSI MBOMTA’A,575D3794-8D1D-4583-8917-A0769F8E7B7F,3b8f732e-9aa2-4f29-af8c-20d0b7f40999,true,true
68A6538C-24AD-46DC-B449-B551F977375C,SU202,CMA MENGONG,7326D098-7EF6-4173-89D7-B76CAEE5AABE,3b8f731e-9aa2-4f29-af8c-20d0b7f40999,true,true
83B5B7A3-9C6B-4AF7-AD67-F3DCD3EBE723,ES056,HC SAINT JOSEPH NKOLBIKON,A91C7AC4-3F3F-4244-8034-4A6A8B598F55,3b8f731e-9aa2-4f29-af8c-20d0b7f40999,true,true
6EC70701-10C5-44F4-9C46-495622031704,SU096,CSI  Nkoekouk,7326D098-7EF6-4173-89D7-B76CAEE5AABE,3b8f732e-9aa2-4f29-af8c-20d0b7f40999,true,true
0BC87DEB-226D-4E4C-B41F-3E1AE1CCA735,SU087,CMA Ebolowa,7326D098-7EF6-4173-89D7-B76CAEE5AABE,3b8f731e-9aa2-4f29-af8c-20d0b7f40999,true,true
5B25D3B7-D136-4471-8E63-C4FC4D3BECEC,SU203,CSI MESSOK,575D3794-8D1D-4583-8917-A0769F8E7B7F,3b8f732e-9aa2-4f29-af8c-20d0b7f40999,true,true
4E12D33A-F8C9-4C1E-9C71-A26EDC792D9F,SU084,CS ADVENTISTE EBOLOWA,7326D098-7EF6-4173-89D7-B76CAEE5AABE,3b8f731e-9aa2-4f29-af8c-20d0b7f40999,true,true
D30628A2-2509-4F75-953C-E648B5D09857,SUB25,CSI AZEM,7326D098-7EF6-4173-89D7-B76CAEE5AABE,3b8f732e-9aa2-4f29-af8c-20d0b7f40999,true,true
CFEEB2D4-BBD5-4838-865A-275B85F98869,SU025,CSI URBAIN N°1 EBOLOWA,7326D098-7EF6-4173-89D7-B76CAEE5AABE,3b8f732e-9aa2-4f29-af8c-20d0b7f40999,true,true
E540E630-F401-4659-98D1-B7AE2D93AC50,SU077,CSI BIBA 1,7326D098-7EF6-4173-89D7-B76CAEE5AABE,3b8f732e-9aa2-4f29-af8c-20d0b7f40999,true,true
45325F26-D1CC-4AF0-9111-50C7986B161C,SU097,HF 01,7326D098-7EF6-4173-89D7-B76CAEE5AABE,3b8f731e-9aa2-4f29-af8c-20d0b7f40999,true,true
98FD5770-D912-485F-8FD6-D5FDB8E65955,SU01B,CSI BITYILI,7326D098-7EF6-4173-89D7-B76CAEE5AABE,3b8f732e-9aa2-4f29-af8c-20d0b7f40999,true,true
9CEEB0A5-378B-4A15-B57A-6619703A75C2,SU114,CSI MEYOVILLE ,7326D098-7EF6-4173-89D7-B76CAEE5AABE,3b8f732e-9aa2-4f29-af8c-20d0b7f40999,true,true
9987DDFD-56A8-4D65-9848-5D100C9BA072,SU119,CSI Nkoetye,7326D098-7EF6-4173-89D7-B76CAEE5AABE,3b8f732e-9aa2-4f29-af8c-20d0b7f40999,true,true
F55CE578-2299-4A14-91BD-BD3F435C1B1B,SU112,CSI NGOAZIP 1,7326D098-7EF6-4173-89D7-B76CAEE5AABE,3b8f732e-9aa2-4f29-af8c-20d0b7f40999,true,true
212E2BC7-C262-427C-A980-FB6CD53048B6,SU011,CMA BENGBIS,575D3794-8D1D-4583-8917-A0769F8E7B7F,3b8f731e-9aa2-4f29-af8c-20d0b7f40999,true,true
48137491-D8CB-4F2D-9C10-2C8F47FF049E,ES200,CSI_Bertoua,A91C7AC4-3F3F-4244-8034-4A6A8B598F55,3b8f732e-9aa2-4f29-af8c-20d0b7f40999,true,true
2B19D4F6-AE34-451E-82A7-97608986ACF5,ES201,CIB,A91C7AC4-3F3F-4244-8034-4A6A8B598F55,3b8f731e-9aa2-4f29-af8c-20d0b7f40992,true,true
2B8FB899-1A46-4B2B-8314-BEEBAED88FC5,SU01E,CS CATHOLIQUE EKONG,575D3794-8D1D-4583-8917-A0769F8E7B7F,3b8f731e-9aa2-4f29-af8c-20d0b7f40999,true,true
C89BA289-B788-408B-BA1B-019B2FABC9C9,ES038,HD BERTOUA,A91C7AC4-3F3F-4244-8034-4A6A8B598F55,3b8f731e-9aa2-4f29-af8c-20d0b7f40992,true,true
908D48D9-273A-46D0-808F-D12891D11BEB,ES047,CSI MOKOLO I,A91C7AC4-3F3F-4244-8034-4A6A8B598F55,3b8f732e-9aa2-4f29-af8c-20d0b7f40999,true,true
584073D0-2A27-4C43-9AF3-E2F686946BEB,ES045,CSI GRAND MBOULAI,A91C7AC4-3F3F-4244-8034-4A6A8B598F55,3b8f732e-9aa2-4f29-af8c-20d0b7f40999,true,true
462B863F-F046-4831-8DBF-BD9CECF9C945,ES039,CSI BAZZAMA,A91C7AC4-3F3F-4244-8034-4A6A8B598F55,3b8f732e-9aa2-4f29-af8c-20d0b7f40999,true,true
ED5F6C02-6C96-45CF-9EDB-BF9024B6C4F6,ES011,HOPITAL CATHOLIQUE,A91C7AC4-3F3F-4244-8034-4A6A8B598F55,3b8f731e-9aa2-4f29-af8c-20d0b7f40992,true,true
6473CE4F-CD90-4D30-8B0B-9D825F8CC951,ES01B,CMA BONIS,A91C7AC4-3F3F-4244-8034-4A6A8B598F55,3b8f731e-9aa2-4f29-af8c-20d0b7f40999,true,true
B7788355-270B-495F-AC64-7242B3F9B569,ES046,CMA MANDJOU,A91C7AC4-3F3F-4244-8034-4A6A8B598F55,3b8f731e-9aa2-4f29-af8c-20d0b7f40999,true,true
5DE15BBC-B71D-4779-905A-6D5960C3C950,ES058,CSC TIGAZA,A91C7AC4-3F3F-4244-8034-4A6A8B598F55,3b8f731e-9aa2-4f29-af8c-20d0b7f40999,true,true
591E474D-BBC7-46EC-8A69-EB80482D9307,ES050,CSC MOKOLO IV,A91C7AC4-3F3F-4244-8034-4A6A8B598F55,3b8f731e-9aa2-4f29-af8c-20d0b7f40999,true,true
E98A5E9A-3E77-4A50-BDBD-628EC3DF9E9D,ES075,CSC DIMAKO,6583B2F2-EAF4-4B88-88A2-5B5ABF0F8539,3b8f731e-9aa2-4f29-af8c-20d0b7f40999,true,true
4B1B7135-9321-46E6-B220-1D27E2134CA8,ES01M,CSI MOTCHEBOUM,6583B2F2-EAF4-4B88-88A2-5B5ABF0F8539,3b8f732e-9aa2-4f29-af8c-20d0b7f40999,true,true
34812C5B-FDD0-4BD0-A977-84A4692401EF,OU044,HD Kouoptamo,AEF6B271-98CC-4E64-AC97-D9936730B3E8,3b8f731e-9aa2-4f29-af8c-20d0b7f40992,true,true
1E087842-CF25-4B7F-A287-0035AA839DE3,OU007,HD Malantouen,238DE24D-E8A4-4352-9BBF-F74F2D0C83DA,3b8f731e-9aa2-4f29-af8c-20d0b7f40992,true,true
7AB6AB6A-95AF-4972-9B90-2BA97F652E8D,OU017,HD Massangam,DCCD4200-4C08-413B-8C86-C3D5F0E86C09,3b8f731e-9aa2-4f29-af8c-20d0b7f40992,true,true
8FF955A5-953E-48F6-B15C-C32691275CF5,OU006,HD Mbouda,239B9021-8F47-4C0B-B0CA-386462160BC0,3b8f731e-9aa2-4f29-af8c-20d0b7f40992,true,true
C71C872A-F7A1-438D-B156-97890C7FC1C8,OU016,HD MIFI FAMLA,F7E2ED99-A2F2-431E-A14D-A577E3380295,3b8f731e-9aa2-4f29-af8c-20d0b7f40992,true,true
5F996458-708C-4FDA-A5E0-03AD2AD011D6,OU001,HR Bafoussam,F7E2ED99-A2F2-431E-A14D-A577E3380295,3b8f731e-9aa2-4f29-af8c-20d0b7f40992,true,true
EE99A77E-F52B-460F-81F4-C7BB9FFDBDCF,OUCHR,CHR Bafoussam,F7E2ED99-A2F2-431E-A14D-A577E3380295,3b8f731e-9aa2-4f29-af8c-20d0b7f40992,true,true
70F31433-6608-4FA4-AC76-BC27F293D581,OU023,HD Santchou,E76545E1-6EA9-4337-B3FA-0AC9778C6A78,3b8f731e-9aa2-4f29-af8c-20d0b7f40992,true,true
687535F1-3FED-4628-8D69-9D458F621EBA,OU019,HD Bafang,DE2FAF59-F24F-43F9-A40D-5D28D7DEE2BF,3b8f731e-9aa2-4f29-af8c-20d0b7f40992,true,true
2BD4FD78-7FF9-47CC-9823-443C75322104,OU036,HD Baham,E92D57BB-9408-4C04-A633-25B31DC993E3,3b8f731e-9aa2-4f29-af8c-20d0b7f40992,true,true
D10A2530-00E6-47E8-83E7-2740543CEC3F,OU038,HD Bamendjou,D687B42A-A303-4A21-AE5F-32A30DCACF18,3b8f731e-9aa2-4f29-af8c-20d0b7f40992,true,true
161B4DFD-B412-4B06-9493-5A846FBB5C86,OU053,HD Bandja,041F3C86-B6A2-422D-A9C7-0CFBA0215B07,3b8f731e-9aa2-4f29-af8c-20d0b7f40992,true,true
4F9168A5-549E-4276-8745-ACF0676C4046,OU014,HD Bandjoun,6BAE29CF-B57A-424D-BAAA-2B9CA1AB42C1,3b8f731e-9aa2-4f29-af8c-20d0b7f40992,true,true
838A742E-EA2E-4B35-8500-647D6EC95C12,OU005,HD Bangangté,F54D15BF-AAEB-4DEA-A22B-3FADFBB29865,3b8f731e-9aa2-4f29-af8c-20d0b7f40992,true,true
FEA12FF0-B549-45C6-9021-7A1B06E29E94,OU018,HD Bangourain,3A230904-FC0B-4D29-AFBD-1C07641E581F,3b8f731e-9aa2-4f29-af8c-20d0b7f40992,true,true
CA71DC6B-1704-4D47-9379-4DFA450F3D7B,OU042,HD Batcham,C8AFDB5C-0657-4A34-9ACC-B0CFFA4FE29F,3b8f731e-9aa2-4f29-af8c-20d0b7f40992,true,true
21CB5E79-70CA-4853-BB4E-9B32295F782F,OU003,Hopital Regional Annexe de Dschang (Ex HD),30A13588-BE5A-44E7-8A58-5156C7CCE5A0,3b8f731e-9aa2-4f29-af8c-20d0b7f40992,true,true
C147CB47-279B-4DC5-8406-9B46E784EA60,OU004,HD Foumban,C7E57D5D-7277-4B2C-A3E0-BD07412C0F24,3b8f731e-9aa2-4f29-af8c-20d0b7f40992,true,true
DAB5F0C9-60BF-436E-AB02-65D2CF36BBF0,OU008,HD Foumbot,29EA9AF5-D9E4-4398-A6F7-02FF3A006273,3b8f731e-9aa2-4f29-af8c-20d0b7f40992,true,true
FC9857FA-C0AD-4F38-8722-44C8A2C4CE19,OU022,HD Galim,B4524475-ACFD-4AFA-A573-0899F0237C81,3b8f731e-9aa2-4f29-af8c-20d0b7f40992,true,true
C4F77C9D-7B09-4941-8E9F-8B728C02AEB5,OU021,HD Kekem,B6395EE6-658B-4659-A913-3608883E475F,3b8f731e-9aa2-4f29-af8c-20d0b7f40992,true,true
3CC52989-159A-411B-BC21-E3D8248E115A,NO076,CSI Foulbere,B4D84F50-2DCF-47D0-B212-069B27C216D5,3b8f732e-9aa2-4f29-af8c-20d0b7f40999,true,true
C320AD5D-94E3-4037-937D-2E74987144D2,NO081,CSI Kotta Liddire,B4D84F50-2DCF-47D0-B212-069B27C216D5,3b8f732e-9aa2-4f29-af8c-20d0b7f40999,true,true
668C50AE-F978-42C7-9A72-C9338864C481,NO082,CMA Lainde,B4D84F50-2DCF-47D0-B212-069B27C216D5,3b8f731e-9aa2-4f29-af8c-20d0b7f40999,true,true
2B3CD83E-2C40-469A-8A8A-0F7A41213579,NO080,CSI JESUS SAUVE ET GUERIT,B4D84F50-2DCF-47D0-B212-069B27C216D5,3b8f732e-9aa2-4f29-af8c-20d0b7f40999,true,true
48B3EEAA-32A8-4B8C-80EB-3A80C9BF2C20,NO068,CSI Kolléré,E4BA7988-B405-4088-8F79-7063166E096D,3b8f732e-9aa2-4f29-af8c-20d0b7f40999,true,true
1F083776-C542-4C7B-984E-334959D806F1,NO059,Centre Médical Martin Luther,E4BA7988-B405-4088-8F79-7063166E096D,3b8f731e-9aa2-4f29-af8c-20d0b7f40999,true,true
D8F992C4-4450-4752-9130-7D16926AD427,NO075,Hôpital Régional de Garoua,E4BA7988-B405-4088-8F79-7063166E096D,3b8f731e-9aa2-4f29-af8c-20d0b7f40992,true,true
CC3AE8F3-BF10-4E9C-8162-BE6939C9277C,NO058,HD Figuil,6762D0E7-F8BE-4356-85AE-189DF5DD233E,3b8f731e-9aa2-4f29-af8c-20d0b7f40992,true,true
AA3F0007-6599-4B0E-985D-38835732D39C,NO048,CSI Karewa,6762D0E7-F8BE-4356-85AE-189DF5DD233E,3b8f732e-9aa2-4f29-af8c-20d0b7f40999,true,true
5DC1EB0B-FCB3-4243-95AD-C7372DC10837,NO052,CSI Biou,6762D0E7-F8BE-4356-85AE-189DF5DD233E,3b8f732e-9aa2-4f29-af8c-20d0b7f40999,true,true
1DC76272-C3A2-41E2-B8D7-4961D7150314,NO118,CSI Gaval,A78CA8F9-8FE9-40F7-A42E-222613684B2B,3b8f732e-9aa2-4f29-af8c-20d0b7f40999,true,true
5A11E186-FDBC-4D12-ACDE-5EA2B6662C36,EN036,CSPC Domayo Catholic,F3ACF85E-28FA-4E2C-A90B-231A46B2CF70,3b8f731e-9aa2-4f29-af8c-20d0b7f40999,true,true
CD5F14E8-6085-4416-A4A2-8E5614FA2F3D,EN219,CSI Meskine,F3ACF85E-28FA-4E2C-A90B-231A46B2CF70,3b8f732e-9aa2-4f29-af8c-20d0b7f40999,true,true
7647B291-F5D3-44DD-9466-C78EE8CDE2FA,EN221,CSI Palar,F3ACF85E-28FA-4E2C-A90B-231A46B2CF70,3b8f732e-9aa2-4f29-af8c-20d0b7f40999,true,true
35B51E31-A9A4-4875-92FF-1E7286B3BEA9,EN001,HR Maroua,25427C9F-A6DF-4FEB-AE96-43CA1EB40756,3b8f731e-9aa2-4f29-af8c-20d0b7f40992,true,true
A85FE28C-4C27-4EF2-AECF-47BE21BE24E1,EN042,CSI Doualare,25427C9F-A6DF-4FEB-AE96-43CA1EB40756,3b8f732e-9aa2-4f29-af8c-20d0b7f40999,true,true
2AB5C400-79CC-478F-9544-B5BD1EC0BE7C,EN009,HD Bogo,50DE60E2-4B27-43C8-8085-1F3E066B843C,3b8f731e-9aa2-4f29-af8c-20d0b7f40992,true,true
A6D45277-3298-45B4-BC47-801E822F5E10,EN362,Centre Mère et Enfant de Bogo,50DE60E2-4B27-43C8-8085-1F3E066B843C,3b8f731e-9aa2-4f29-af8c-20d0b7f40999,true,true
4774BDF2-895A-4A15-813C-1134E0DF7E52,EN045,CS Privé Protestant Djarengol-Kodek,382A9BDD-BC73-439D-BE9A-7BE06D8E5EAD,3b8f731e-9aa2-4f29-af8c-20d0b7f40999,true,true
172EEDDB-1D5D-4AE7-8FC8-EDD22B760A15,ENB41,CMA Founangue,25427C9F-A6DF-4FEB-AE96-43CA1EB40756,3b8f731e-9aa2-4f29-af8c-20d0b7f40999,true,true
61197DE9-9A20-4B8E-AEB3-4E46A2F1A8B7,END28,CSI Katoual,F3ACF85E-28FA-4E2C-A90B-231A46B2CF70,3b8f732e-9aa2-4f29-af8c-20d0b7f40999,true,true
33EA3A52-21B9-4A95-93B6-62D47660D936,EN301,CSI Foulou,45505762-6E19-469C-BE14-37B067FE7A86,3b8f732e-9aa2-4f29-af8c-20d0b7f40999,true,true
2B3F52F1-A311-4ECB-B769-A46E7AB267C4,AD001,Hôpital Régional de Ngaoundéré,B2B98A00-F84E-4D2C-95CA-74CB92473114,3b8f731e-9aa2-4f29-af8c-20d0b7f40992,true,true
A1E9C53F-BC36-45AF-A3A5-02BC5974FEED,AD061,CSI Sabongari,B2B98A00-F84E-4D2C-95CA-74CB92473114,3b8f732e-9aa2-4f29-af8c-20d0b7f40999,true,true
18872B7D-CE51-41C7-906B-7202707DCAAB,AD024,CSI Boumgere,B2B98A00-F84E-4D2C-95CA-74CB92473114,3b8f732e-9aa2-4f29-af8c-20d0b7f40999,true,true
A153FED4-F523-4621-9CCC-FEB1FE193CD0,AD068,CSI BAMYANGA-MARZA,B2B98A00-F84E-4D2C-95CA-74CB92473114,3b8f732e-9aa2-4f29-af8c-20d0b7f40999,true,true
7E432002-4541-4D83-8E8F-650EA5CFE081,AD016,CMA DIBI,FF263B17-E0DC-47E5-8AF5-B447380DFC93,3b8f731e-9aa2-4f29-af8c-20d0b7f40999,true,true
01B0853E-4BA0-44CB-8193-B48AA552A9AE,AD078,CSI BEKA HOSSERE,FF263B17-E0DC-47E5-8AF5-B447380DFC93,3b8f732e-9aa2-4f29-af8c-20d0b7f40999,true,true
6FB67094-FE8E-419B-848C-9F42314A3344,AD051,CSPP Dang,3EDFB954-EDF5-400D-B4AE-F0E1C50D08E1,3b8f731e-9aa2-4f29-af8c-20d0b7f40999,true,true
B527963E-C765-4C22-B0FA-85C9AC4AD99B,AD007,HD DANG,3EDFB954-EDF5-400D-B4AE-F0E1C50D08E1,3b8f731e-9aa2-4f29-af8c-20d0b7f40999,true,true
EE5CD9EF-7448-4A1C-9EF7-F4FA1938EE51,AD004,HD Meiganga,5AE89C0B-E5B0-4E42-A678-D84973A7EE7B,3b8f731e-9aa2-4f29-af8c-20d0b7f40992,true,true
DCE5BFE0-0F4F-499B-814E-C2562F562CA4,AD015,CMA Lokoti,5AE89C0B-E5B0-4E42-A678-D84973A7EE7B,3b8f731e-9aa2-4f29-af8c-20d0b7f40999,true,true
9D10281B-AC6F-4F2A-915E-6DC030FAD74C,AD066,CSI Babongo,5AE89C0B-E5B0-4E42-A678-D84973A7EE7B,3b8f732e-9aa2-4f29-af8c-20d0b7f40999,true,true
34B24476-2A58-4A05-BFA5-06EB11764D01,LT001,Hôpital Général de Douala (HGD),10988CB5-6E06-457E-B733-455894DC8351,3b8f731e-9aa2-4f29-af8c-20d0b7f40992,true,true
87BB4ABB-998B-4C67-8C75-8272EC5C7956,LT029,HD LOUM,8E1E2759-8EB3-419C-B503-39F34657E7FF,3b8f731e-9aa2-4f29-af8c-20d0b7f40992,true,true
97B42FD8-B0A1-41FD-8F75-B576203485A1,SW021,Akwaya District Hospital,E0C8784E-4B2C-4C4A-9935-8ADA88B2C80F,3b8f731e-9aa2-4f29-af8c-20d0b7f40992,true,true
A0FB6826-EF89-4874-B4B8-533C44B54C8F,SW036,Isangele CMA,61195171-6A70-46AD-865E-2D58CBAC3959,3b8f731e-9aa2-4f29-af8c-20d0b7f40999,true,true
F38A847E-D50B-46D3-AEB5-C259A04ACE5B,SW011,Bangem District Hospital,36C71D69-5A53-4A5B-82DB-99DFD620ABBE,3b8f731e-9aa2-4f29-af8c-20d0b7f40992,true,true
CBD50D2D-82FD-484E-8224-908DDEE36C17,SW005,Buea Regional Hospital,C32C4948-C7DC-4D41-B38D-52D5049223B7,3b8f731e-9aa2-4f29-af8c-20d0b7f40992,true,true
069181AE-B3B8-4DBB-B629-0BC75CC4C8A9,SW004,Ekondo Titi District Hospital,805DA7EE-2CC6-4873-9482-218EAE239884,3b8f731e-9aa2-4f29-af8c-20d0b7f40992,true,true
A5480934-8A5D-463B-ABAA-D894590ADE40,SW037,Eyumodjock CMA,C1C8FA79-D503-47AD-B219-5CE590E626E7,3b8f731e-9aa2-4f29-af8c-20d0b7f40999,true,true
F1E19A11-0B50-4555-AFBD-D163D46C8EF4,SW187,Fontem District Hospital (AZI),5B469E4B-B722-4AFA-9658-586E3DF23A7D,3b8f731e-9aa2-4f29-af8c-20d0b7f40992,true,true
A181E4E9-3113-4F4C-84DC-C50E75B43221,SW038,Konye District Hospital,B9DD8DEE-C8DE-4280-99E0-FBCFE75A68D9,3b8f731e-9aa2-4f29-af8c-20d0b7f40992,true,true
24B6FA57-0F55-45DF-9D74-4A2834592368,SW017,Kumba-North District Hospital (Ex. MHC),DC830102-D4BC-4369-AE0A-B32470FEE765,3b8f731e-9aa2-4f29-af8c-20d0b7f40992,true,true
8B170AC1-9D74-4DD3-AD97-DBA771C1AA3D,SW002,Kumba Regional Hospital Annex (Ex DH),DC830102-D4BC-4369-AE0A-B32470FEE765,3b8f731e-9aa2-4f29-af8c-20d0b7f40992,true,true
9CF5F596-05FE-4614-9D0B-89592B36B908,SW030,Limbe  District Hospital (Bota),10E38D6C-3170-4452-BAAB-86269C9CD759,3b8f731e-9aa2-4f29-af8c-20d0b7f40992,true,true
3B3A79AD-17C1-4B66-AC63-81B66CF3E3A9,SW001,Limbe Regional Hospital,10E38D6C-3170-4452-BAAB-86269C9CD759,3b8f731e-9aa2-4f29-af8c-20d0b7f40992,true,true
BF7B572C-1FA5-4392-A139-9AA316C463BD,SW003,Mamfe District Hospital,74A27441-B70D-4ACD-9ABE-C3594EA29708,3b8f731e-9aa2-4f29-af8c-20d0b7f40992,true,true
6241CDD0-DF8C-497E-8DB1-BB6C541FC251,SW032,Mamfe Urban Integrated Health Center,74A27441-B70D-4ACD-9ABE-C3594EA29708,3b8f732e-9aa2-4f29-af8c-20d0b7f40999,true,true
44737CD8-0E17-4C1B-9DF3-9A8FE7396726,SW018,Mbonge District Hospital,E28BCFFD-3DDD-43F9-8F7B-2C0BC282CD6C,3b8f731e-9aa2-4f29-af8c-20d0b7f40992,true,true
7AEAB971-33D0-423E-9316-08E802C89669,SW019,Mundemba District Hospital,35AC8E78-3DD4-4A8C-9EA7-DAAED3893189,3b8f731e-9aa2-4f29-af8c-20d0b7f40992,true,true
51CF3A4A-4623-4B4E-B1AF-B4D42125CEA2,SW009,Muyuka District Hospital,5F167112-A43C-4CB5-97ED-385DCF53C6FA,3b8f731e-9aa2-4f29-af8c-20d0b7f40992,true,true
F145BA8C-2796-42D5-921E-B3F076E0EAE1,SW139,Nguti CMA,E1FE609F-FE84-461C-8F49-09B5F1786890,3b8f731e-9aa2-4f29-af8c-20d0b7f40999,true,true
E2600CAD-D148-4FD0-ACEE-8E8D015562C1,SW016,Tiko District Hospital,E2971A82-9387-4C02-88C4-99E44372FCFF,3b8f731e-9aa2-4f29-af8c-20d0b7f40992,true,true
1430A03E-E2CF-44E4-A08D-593F57CED054,SW012,Tombel District Hospital,0B143028-8FE3-4D7A-A322-E16F6565BB6F,3b8f731e-9aa2-4f29-af8c-20d0b7f40992,true,true
1C6FC006-461A-435D-B2BD-CD0257F5FB2E,SW275,Wabane CMA,BC0E5CD4-3A54-4EF0-8438-B3BE5658965D,3b8f731e-9aa2-4f29-af8c-20d0b7f40999,true,true
27E31DD5-F822-43E9-A27F-86D3EA02E9AA,ES057,CS EPC Quartier Radio,A91C7AC4-3F3F-4244-8034-4A6A8B598F55,3b8f731e-9aa2-4f29-af8c-20d0b7f40999,true,true
F2E9460C-D368-44CE-926C-8156D63AE847,SU006,HD MEYOMESSALA,575D3794-8D1D-4583-8917-A0769F8E7B7F,3b8f731e-9aa2-4f29-af8c-20d0b7f40992,true,true
4F8779B9-188D-4C07-B4A6-96324C8441C4,SU122,CSI MENGON,575D3794-8D1D-4583-8917-A0769F8E7B7F,3b8f731e-9aa2-4f29-af8c-20d0b7f40999,true,true
AEC179DA-0F92-4354-99FE-26955755E508,OU020,HD PENKA MICHEL,D5157871-1849-40D5-A774-8D327414CE3F,3b8f731e-9aa2-4f29-af8c-20d0b7f40992,true,true
0400C205-147E-43C9-AC9E-803F595AFFEC,LT598,HD BANGUE,0047BB2E-B666-41E4-8F3D-4AD1D68D2895,3b8f731e-9aa2-4f29-af8c-20d0b7f40992,true,true
2B4D5773-CC22-46FA-AB4A-BEEA569E7D0F,LT005,HD BONASSAMA,3F08EFC3-DBEA-451B-A227-887EF856BCAE,3b8f731e-9aa2-4f29-af8c-20d0b7f40992,true,true
363B4A18-16AA-4C46-95EF-09DF152D5B3C,LT020,HD CITE DES PALMIERS,10988CB5-6E06-457E-B733-455894DC8351,3b8f731e-9aa2-4f29-af8c-20d0b7f40992,true,true
B7B629EF-DAA5-49F8-84B3-6BF506AD3B4C,LT014,HD DEIDO,450BEB9D-D315-47FF-8E72-6BF70215DD6E,3b8f731e-9aa2-4f29-af8c-20d0b7f40992,true,true
AA248AD9-4F54-4120-AC84-D74CB8E5AB64,LT154,HD DIBOMBARI,30556E9D-03A4-4D1B-B2D5-56C4A05B561F,3b8f731e-9aa2-4f29-af8c-20d0b7f40992,true,true
F6B5B13F-551E-4956-99EE-0D845B45450F,LT024,HD LOGBABA,9D42C197-70A5-4DBA-A5BB-044345F8D4A1,3b8f731e-9aa2-4f29-af8c-20d0b7f40992,true,true
31631160-0E0F-4BBE-9620-722EF5109D5F,LT114,HD MANJO,802DF7B3-47D2-45C2-AF24-B10C06466564,3b8f731e-9aa2-4f29-af8c-20d0b7f40992,true,true
ABD65FAA-B7B7-4C82-8240-6176E984B6DF,LT422,HD MANOKA,4F96BF23-B74C-4BCF-B690-11B829AF162A,3b8f731e-9aa2-4f29-af8c-20d0b7f40992,true,true
C3DEE1B3-1341-4F20-BBC1-109D4D551E27,LT027,HD MBANGA,6C96EF81-8D1D-4C6F-9337-F02AB58F6B50,3b8f731e-9aa2-4f29-af8c-20d0b7f40992,true,true
94893544-7180-4E54-86F3-DDCE7008B692,LT030,HD MELONG,E558AC89-BF7A-4E99-A668-696A6E4AB564,3b8f731e-9aa2-4f29-af8c-20d0b7f40992,true,true
FBB8F4D8-96E8-4FC0-9AA0-3E303C4DBD0A,LT517,HD NDOM,2140E92B-497A-4770-B054-41B2B0052378,3b8f731e-9aa2-4f29-af8c-20d0b7f40992,true,true
A43EF7B0-7A81-40F5-8250-38F82354CCCC,LT013,HD NEW-BELL,7C842B6C-7563-4496-90AA-C84FB41A2638,3b8f731e-9aa2-4f29-af8c-20d0b7f40992,true,true
531AC603-1F49-4F36-BF56-D9C93393F355,LT031,HD NGAMBE,86607E9F-B7A2-411A-AB7B-D4CF9A02E2B1,3b8f731e-9aa2-4f29-af8c-20d0b7f40992,true,true
F6D17320-BD7B-47AE-B912-31E2AA4E7076,LT095,HD NKONDJOCK,3CABAE03-D58F-41F7-8A84-5D65311B7E0E,3b8f731e-9aa2-4f29-af8c-20d0b7f40992,true,true
5111013E-C5A0-4799-89F8-0153ADADB926,LT003,HD NYLON,D1B9F669-3766-4CF9-976D-B04DE713B895,3b8f731e-9aa2-4f29-af8c-20d0b7f40992,true,true
19AE596B-9BEB-4B56-BF39-DEE3059724A0,LT208,HD POUMA,8F0F4A9B-2F4B-466A-B1F8-BC6FCC720F3E,3b8f731e-9aa2-4f29-af8c-20d0b7f40992,true,true
AD118E05-58E4-4BF5-93CC-7EA040B605CC,LT026,HD YABASSI,0DB7167D-68CB-48F8-B7B3-D773F01ADDBD,3b8f731e-9aa2-4f29-af8c-20d0b7f40992,true,true
E6BEE545-FC6A-4453-90AB-E7164140A861,LT118,CSI SOUZA,07010F80-8AFF-4CA6-9E0B-25BB84C872E4,3b8f731e-9aa2-4f29-af8c-20d0b7f40992,true,true
FBF90961-44BF-4761-B6AE-1BE627044922,LT059,CSI NJOMBE I,CB8A50AA-6BFB-4A3F-A8C9-885BBE6A2477,3b8f731e-9aa2-4f29-af8c-20d0b7f40999,true,true
BB381944-8874-45CB-A149-B271B03C59A1,LT0546,CMA MBANGA PONGO,1658B790-6CD3-4305-A2F2-C1FC88C475ED,3b8f731e-9aa2-4f29-af8c-20d0b7f40999,true,true
B1262379-4A49-4DC6-93AA-8E2FFC92C71C,LT139,CMA JAPOMA,131D6454-D102-4E42-9D8D-A42A312AC3AF,3b8f731e-9aa2-4f29-af8c-20d0b7f40999,true,true
07F89A8E-7480-4EF6-96BA-41EDDAE9C99C,LT004,HR NKONGSAMBA,CA434C32-0DD8-4CD5-85FA-A910C88D9E8A,3b8f731e-9aa2-4f29-af8c-20d0b7f40992,true,true
1A721F9A-0583-4028-8B56-87A264FC262E,LT021,Hôpital Régional Annexe d'Edéa,8D33F6C3-060F-4AD1-A3C2-C57FFFD13B14,3b8f731e-9aa2-4f29-af8c-20d0b7f40992,true,true
B1E620DE-5277-40CD-9713-D25921EB8B51,NO016,HD PITOA,8EE98BBF-E668-405C-B815-3076CF1C5636,3b8f731e-9aa2-4f29-af8c-20d0b7f40992,true,true
12204714-D106-4944-B82F-36129D46205F,NO014,HD MAYO OULO,8C0BC039-56EE-4C01-9B7E-60513E557DDC,3b8f731e-9aa2-4f29-af8c-20d0b7f40992,true,true
06C79E7E-87AD-49F0-9A09-385F68CAB8B8,NO002,HRA GUIDER,A78CA8F9-8FE9-40F7-A42E-222613684B2B,3b8f731e-9aa2-4f29-af8c-20d0b7f40992,true,true
4F73A5F4-DF53-48DB-8768-F16DD7086CC3,NO011,HD GASCHIGA,A73B1A48-C7FE-490D-B15E-C0A252FAF792,3b8f731e-9aa2-4f29-af8c-20d0b7f40992,true,true
D6830D6E-5377-422B-825D-53CA9B5D48C0,NO074,HOPITAL ESPERANCE,E4BA7988-B405-4088-8F79-7063166E096D,3b8f731e-9aa2-4f29-af8c-20d0b7f40999,true,true
A9486229-4823-426C-8D00-53FDA4E3942C,NO217,HD POLI,8BCB1E6A-F88B-419E-A121-3BEE22554110,3b8f731e-9aa2-4f29-af8c-20d0b7f40992,true,true
44726969-9806-4D39-A569-EA6B63C0CD1A,NO015,HD NGONG,D7C6FBCD-831E-4371-9550-F5A2F0F28FD9,3b8f731e-9aa2-4f29-af8c-20d0b7f40992,true,true
9010DC47-415A-4907-83F9-D37096A90270,NO046,HD BIBEMI,46F75495-C475-4352-91E9-5E356285ACE4,3b8f731e-9aa2-4f29-af8c-20d0b7f40992,true,true
21D9B039-1A9C-414E-86CE-BD35323529DA,NO148,HD LAGDO,6ACBF8C6-CE98-4875-A128-1996E358AB9F,3b8f731e-9aa2-4f29-af8c-20d0b7f40992,true,true
A936A1E8-8F8B-488A-AD2A-A13450CBE8FC,NO230,HD REY BOUBA,E970697E-69EA-406B-A5FC-9F45AA48A5D0,3b8f731e-9aa2-4f29-af8c-20d0b7f40992,true,true
C3A46716-4BA7-47F1-80E7-8D94F7787391,NO247,HD TCHOLLIRE,3F71A2D6-CAB3-4136-A257-35252A3437AB,3b8f731e-9aa2-4f29-af8c-20d0b7f40992,true,true
1201F3BB-F7C7-4EB4-87A2-96043400A7E4,NO260,HD TOUBORO,6697D778-A2F6-4E17-907E-E66BC0B2F02A,3b8f731e-9aa2-4f29-af8c-20d0b7f40992,true,true
74FA22A6-F8E0-486F-B5F5-47990EBF9B94,EN026,HD MAGA,BC340191-A0C5-49CC-935D-3C1F65E4395F,3b8f731e-9aa2-4f29-af8c-20d0b7f40992,true,true
5B5E3907-D8C1-411A-ACD1-825DE6A9B83C,EN008,HD PETTE,F25C1567-123A-43F8-A070-214521D6D27C,3b8f731e-9aa2-4f29-af8c-20d0b7f40992,true,true
1D83FDA7-5100-47AD-B054-6BEEB6DDEA79,EN339,HD VELE,82D52E56-8D45-4862-8D61-B56E59DC7973,3b8f731e-9aa2-4f29-af8c-20d0b7f40992,true,true
330806B0-7A70-4895-95BD-BA12A907DF75,EN014,HD KAR HAY,B08A439F-9B5D-4248-89C7-E4C20D38ECFF,3b8f731e-9aa2-4f29-af8c-20d0b7f40992,true,true
0CC8761B-0DDF-49DE-8D6D-1E35CB36A424,EN015,HD BOURHA,643AF51C-D3C3-41F0-80BD-D96F6C04D67F,3b8f731e-9aa2-4f29-af8c-20d0b7f40992,true,true
01EB0B27-8732-4517-9B16-53F1C80654E3,EN264,HD MOGODE,0F0558E9-D1A5-4A93-9D6C-E8FD2DDB8BEE,3b8f731e-9aa2-4f29-af8c-20d0b7f40992,true,true
BB4C4EA7-082F-4599-B866-59FB5AF66D9A,EN318,HD ROUA,2D325D7D-267E-433C-B54B-CBF7F3EBBCA2,3b8f731e-9aa2-4f29-af8c-20d0b7f40992,true,true
AD7852E5-C193-489D-89E7-A9B0FBCBB82D,EN002,HRA MOKOLO,2501EA41-C2AD-4F1A-B459-E05C86D3EC3C,3b8f731e-9aa2-4f29-af8c-20d0b7f40992,true,true
2041621E-FAE4-4460-B668-B5FC8DFCD0CE,EN189,HOPITAL ADVENTISTE DE KOZA,A3FAA587-3096-47DE-9FDC-BDABC1B6F5EA,3b8f731e-9aa2-4f29-af8c-20d0b7f40992,true,true
CF63AE92-6883-435B-B949-9B80FCBFF117,EN011,HPP ZIDIM,D23109C4-110F-43B6-92CD-0CD9FE7FB41A,3b8f731e-9aa2-4f29-af8c-20d0b7f40992,true,true
B47843BB-4BDE-4F48-91BC-D00CE1B7F0AE,EN092,HD GOULFEY,990800AB-D55F-46B0-851C-8E7E7E7A023C,3b8f731e-9aa2-4f29-af8c-20d0b7f40992,true,true
1565B1DE-3F26-4FBB-ACA4-70CED63C0542,EN013,HD MORA,6D27515C-2E91-4D7B-8734-1B712583B9C3,3b8f731e-9aa2-4f29-af8c-20d0b7f40992,true,true
3D3A029A-2A24-4A90-875D-2B9C7420425E,EN006,HD TOKOMBERE,5BCAA1F7-3945-4E73-98CB-B3530765FDEE,3b8f731e-9aa2-4f29-af8c-20d0b7f40992,true,true
0E8815B3-EAF2-43DB-9316-E277A2E7080A,EN240,HD MERI,ABC2D56A-C2C1-4D99-A12B-C167B733AD64,3b8f731e-9aa2-4f29-af8c-20d0b7f40992,true,true
F0F5799D-EA5D-4E25-9DA4-B6BDF79ABC40,EN005,HRA KOUSSERI,EBDFE720-E9E3-4567-BEBF-A3C22A80F423,3b8f731e-9aa2-4f29-af8c-20d0b7f40992,true,true
7159BE2C-EF56-4DB8-B663-0BFB38815505,EN103,HD GUERE,5E39A220-0E95-4150-81B3-FAC0C27A3B4C,3b8f731e-9aa2-4f29-af8c-20d0b7f40992,true,true
1AF1FFA6-0202-4BC4-904B-26FEB0C408BC,EN120,HD GUIDIGUIS,ED669C17-B3D7-4263-B52F-DBB1E3BA1659,3b8f731e-9aa2-4f29-af8c-20d0b7f40992,true,true
5FA56726-8F7C-487F-9CD6-9CD31C63B0DA,EN016,HD MOULVOUDAYE,9C4CAEEA-FFDB-46C3-AB24-5E080CA05DCD,3b8f731e-9aa2-4f29-af8c-20d0b7f40992,true,true
3056F72D-AD9B-45DA-B562-9991F17DA988,EN023,CHD TOULOUM,ED669C17-B3D7-4263-B52F-DBB1E3BA1659,3b8f731e-9aa2-4f29-af8c-20d0b7f40992,true,true
F6E51072-1ED3-471B-88B2-C986A73DAC0E,EN304,HD MOUTOURWA,45505762-6E19-469C-BE14-37B067FE7A86,3b8f731e-9aa2-4f29-af8c-20d0b7f40992,true,true
78A57767-44AF-41B9-8030-7F9F388393EE,EN019,HD GAZAWA,E8C50CD2-5177-48B4-93EB-A91D6A791CC2,3b8f731e-9aa2-4f29-af8c-20d0b7f40992,true,true
D36F99EB-422B-48A7-AF15-095D89C21392,EN252,HD MINDIF,57BDC68C-96BC-455C-98B4-92B88F843385,3b8f731e-9aa2-4f29-af8c-20d0b7f40992,true,true
D11E45B2-5C66-4E2F-8931-C253A2C81BF8,EN003,HD KAELE,A76731EF-666A-4A5C-9DA8-6BE648CDFA1A,3b8f731e-9aa2-4f29-af8c-20d0b7f40992,true,true
576FD81E-A340-459E-80F4-39001C23AA0C,EN012,HCBC MESKINE,F3ACF85E-28FA-4E2C-A90B-231A46B2CF70,3b8f731e-9aa2-4f29-af8c-20d0b7f40992,true,true
74D989E1-C7B5-43DB-9CE7-24F6CFB1886E,EN007,HRA YAGOUA,355D4C80-F1F8-4FCC-AA5D-B251CA121773,3b8f731e-9aa2-4f29-af8c-20d0b7f40992,true,true
8ADAB15A-D915-4F75-8FFE-8755BFD1E2F5,AD008,HD BANKIM,0BD2719F-03BA-40E6-A6B6-6BAC06BFD26D,3b8f731e-9aa2-4f29-af8c-20d0b7f40992,true,true
8B7E1354-846F-4D53-8CF7-9BC1F4DC1C53,AD012,HPB WOUROUM,8FA79B41-5E7D-4525-9430-05D6B51058FD,3b8f731e-9aa2-4f29-af8c-20d0b7f40992,true,true
CC693420-631D-40D3-BD91-FCE6574125EE,AD131,HD BANYO,8FA79B41-5E7D-4525-9430-05D6B51058FD,3b8f731e-9aa2-4f29-af8c-20d0b7f40992,true,true
5A67877F-E5B9-4066-8364-C048D899224E,AD018,HD TIBATI,45896264-63F2-4833-9BE6-02381944E2E4,3b8f731e-9aa2-4f29-af8c-20d0b7f40992,true,true
F915283D-3342-4B62-9FAC-8F7353713786,AD002,HP NGAOUBELA,45896264-63F2-4833-9BE6-02381944E2E4,3b8f731e-9aa2-4f29-af8c-20d0b7f40992,true,true
9AB5C44F-6D26-48D9-A328-F4D2F3A5A5C3,AD003,HP NGAOUNDERE,B2B98A00-F84E-4D2C-95CA-74CB92473114,3b8f731e-9aa2-4f29-af8c-20d0b7f40992,true,true
C8D55471-F16F-48A1-AF4B-F9E1B585CFE8,AD005,HD TIGNERE,A3EA7A65-81E9-4674-AD48-DCACDB9DF7F7,3b8f731e-9aa2-4f29-af8c-20d0b7f40992,true,true
1AFD3FA0-0C06-43AF-8AE4-3339D9C13A41,AD011,HD BELEL,FF263B17-E0DC-47E5-8AF5-B447380DFC93,3b8f731e-9aa2-4f29-af8c-20d0b7f40992,true,true
F0A237A9-8FA7-4A3A-B9D3-DD3B7B79075B,AD010,HD DJOHONG,A35B417A-9D7D-4A1B-8DB8-C459A328E014,3b8f731e-9aa2-4f29-af8c-20d0b7f40992,true,true
B5CFB0B8-462F-4D88-B8C2-603042E4DDA0,AD006,HD NGAOUNDAL,1F11C721-66FA-4B82-99F5-E0931CE213FF,3b8f731e-9aa2-4f29-af8c-20d0b7f40992,true,true
7123AB67-A14B-4EA7-8549-D22619B39648,AD039,CS Catholique Nord Cifan,B2B98A00-F84E-4D2C-95CA-74CB92473114,3b8f731e-9aa2-4f29-af8c-20d0b7f40999,true,true
9B80861B-9162-4514-8626-B92A84B92876,AD181,CSP Catholique Yves Plumey de Marza,B2B98A00-F84E-4D2C-95CA-74CB92473114,3b8f731e-9aa2-4f29-af8c-20d0b7f40999,true,true
65B41B21-8090-4EA9-9FA9-015DA0ABF0A5,AD045,CS MABANGA DJALINGO,B2B98A00-F84E-4D2C-95CA-74CB92473114,3b8f731e-9aa2-4f29-af8c-20d0b7f40999,true,true
EDB9D39C-8D11-4A74-AE43-4830A7C30391,AD119,CSI Lamidat,B2B98A00-F84E-4D2C-95CA-74CB92473114,3b8f731e-9aa2-4f29-af8c-20d0b7f40999,true,true
BD3620C4-F8AD-411E-902B-3F1B162524C5,ADCBH,CSI Bamnyanga Hamadjangui,B2B98A00-F84E-4D2C-95CA-74CB92473114,3b8f731e-9aa2-4f29-af8c-20d0b7f40999,true,true
579DEC11-661D-4B40-BF11-D0B8DEE27DBC,AD130,CLINIQUE ISLAMIQUE ARDO DJOBDI,B2B98A00-F84E-4D2C-95CA-74CB92473114,3b8f731e-9aa2-4f29-af8c-20d0b7f40999,true,true
152C172A-B1BD-475D-82EB-5E9C3ADEC55E,ADNOR,HOPITAL NORVEGIEN,B2B98A00-F84E-4D2C-95CA-74CB92473114,3b8f731e-9aa2-4f29-af8c-20d0b7f40999,true,true
8C9149F2-C6F8-41CD-B3F7-879B6B023CB8,AD159,CSI SASSA MBERSI,FF263B17-E0DC-47E5-8AF5-B447380DFC93,3b8f731e-9aa2-4f29-af8c-20d0b7f40999,true,true
5B2E6F57-2B81-400A-9126-1BD3EABDB0CC,AD101,CSI Gangassaou,FF263B17-E0DC-47E5-8AF5-B447380DFC93,3b8f731e-9aa2-4f29-af8c-20d0b7f40999,true,true
FB7A0025-AA32-429A-9897-6A9DE7EA727B,AD020,CMA Nyambaka,FF263B17-E0DC-47E5-8AF5-B447380DFC93,3b8f731e-9aa2-4f29-af8c-20d0b7f40999,true,true
CE6825C7-A4E6-41E3-AC63-EC0C03029098,ADMBE,CMA Mbé,FF263B17-E0DC-47E5-8AF5-B447380DFC93,3b8f731e-9aa2-4f29-af8c-20d0b7f40999,true,true
B969DCEE-B8DB-4E42-B6A6-89F4A8117AC7,ENB37,CSI Ouro-Tchede,F3ACF85E-28FA-4E2C-A90B-231A46B2CF70,3b8f731e-9aa2-4f29-af8c-20d0b7f40999,true,true
446AB11D-9A37-45FA-9A87-E04C3444CA61,EN222,CSI Salak,F3ACF85E-28FA-4E2C-A90B-231A46B2CF70,3b8f731e-9aa2-4f29-af8c-20d0b7f40999,true,true
D0BE09A2-3E9B-4474-867C-BEFECC21832A,EN218,CSI Makabaye,F3ACF85E-28FA-4E2C-A90B-231A46B2CF70,3b8f731e-9aa2-4f29-af8c-20d0b7f40999,true,true
818281A0-2BAA-40B5-AC99-575446CE55C3,EN217,CSI Damayo-Djarma,F3ACF85E-28FA-4E2C-A90B-231A46B2CF70,3b8f731e-9aa2-4f29-af8c-20d0b7f40999,true,true
9C6C3FCC-09C9-42D7-865F-81474A549358,EN216,CSI BEGUELE,F3ACF85E-28FA-4E2C-A90B-231A46B2CF70,3b8f731e-9aa2-4f29-af8c-20d0b7f40999,true,true
072F87B8-9518-4189-ABC9-30173C3D65EB,ENB64,CSI Zokok,25427C9F-A6DF-4FEB-AE96-43CA1EB40756,3b8f731e-9aa2-4f29-af8c-20d0b7f40999,true,true
A25E6F2F-C3B4-4985-AE54-C147ADFA6579,ENB43,HPI BAMARE,25427C9F-A6DF-4FEB-AE96-43CA1EB40756,3b8f731e-9aa2-4f29-af8c-20d0b7f40999,true,true
F79E831A-D9DD-441C-A2FC-13FFB451D282,AD147,CMA NGAN HA,FF263B17-E0DC-47E5-8AF5-B447380DFC93,3b8f731e-9aa2-4f29-af8c-20d0b7f40999,true,true
4C3BCAED-EEF8-495A-98F2-5DF29B75C5CE,AD128,CSI MARTAP,FF263B17-E0DC-47E5-8AF5-B447380DFC93,3b8f731e-9aa2-4f29-af8c-20d0b7f40999,true,true
E8E8A721-05BA-4393-8E1E-1CD404DA5DEE,ADLIK,CSI LIKOK,FF263B17-E0DC-47E5-8AF5-B447380DFC93,3b8f731e-9aa2-4f29-af8c-20d0b7f40999,true,true
755C54C8-4B40-4850-B9C0-82A3DEE4B617,AD163,CSI Tchabal Mbabo,A3EA7A65-81E9-4674-AD48-DCACDB9DF7F7,3b8f731e-9aa2-4f29-af8c-20d0b7f40999,true,true
8F2235A9-2ECB-49AF-9EE4-88093E297435,AD167,CSI Tignere,A3EA7A65-81E9-4674-AD48-DCACDB9DF7F7,3b8f731e-9aa2-4f29-af8c-20d0b7f40999,true,true
9265518A-3482-4594-8365-B15068968DE0,AD097,CSI Doualayel,A3EA7A65-81E9-4674-AD48-DCACDB9DF7F7,3b8f731e-9aa2-4f29-af8c-20d0b7f40999,true,true
346264FB-8FC7-402F-BBCD-9C6FA41D53E1,AD019,CMA Galim Tignere,A3EA7A65-81E9-4674-AD48-DCACDB9DF7F7,3b8f731e-9aa2-4f29-af8c-20d0b7f40999,true,true
03DDF6DC-D785-4983-8835-E718B93E325D,AD103,CSI Garbaya yelwa,A3EA7A65-81E9-4674-AD48-DCACDB9DF7F7,3b8f731e-9aa2-4f29-af8c-20d0b7f40999,true,true
8B07696A-086D-47CD-AE93-92339DFE36A9,AD022,CMA Kontcha,A3EA7A65-81E9-4674-AD48-DCACDB9DF7F7,3b8f731e-9aa2-4f29-af8c-20d0b7f40999,true,true
A801348F-2351-45B6-A55D-F90C80A9E6BE,AD120,CSI Libong,A3EA7A65-81E9-4674-AD48-DCACDB9DF7F7,3b8f731e-9aa2-4f29-af8c-20d0b7f40999,true,true
A1034468-9EFD-45B6-8F34-4093951E58B7,EN226,CSI BIRIO,382A9BDD-BC73-439D-BE9A-7BE06D8E5EAD,3b8f731e-9aa2-4f29-af8c-20d0b7f40999,true,true
BF570754-E697-4F80-A619-060A722843F7,EN046,CMA DARGALA,382A9BDD-BC73-439D-BE9A-7BE06D8E5EAD,3b8f731e-9aa2-4f29-af8c-20d0b7f40999,true,true
F830DA25-284B-4ED3-B3E1-1BE7EE69C073,EN144,CSPA DOGBA,25427C9F-A6DF-4FEB-AE96-43CA1EB40756,3b8f731e-9aa2-4f29-af8c-20d0b7f40999,true,true
BF283340-4EC1-4C03-984A-AC861188ED9F,ENKOS,CSI KOSSEWA,25427C9F-A6DF-4FEB-AE96-43CA1EB40756,3b8f731e-9aa2-4f29-af8c-20d0b7f40999,true,true
080BF904-CB94-4490-A126-118084A575BF,EN227,CSI De Yoldeo,382A9BDD-BC73-439D-BE9A-7BE06D8E5EAD,3b8f731e-9aa2-4f29-af8c-20d0b7f40999,true,true
E77E1291-F7F5-4B08-BE61-C104DD6C5183,ENKAE,CSI KAEWO,382A9BDD-BC73-439D-BE9A-7BE06D8E5EAD,3b8f731e-9aa2-4f29-af8c-20d0b7f40999,true,true
765975DC-44CD-43C3-AB22-BA3753395298,EN229,CSI Dougoi,382A9BDD-BC73-439D-BE9A-7BE06D8E5EAD,3b8f731e-9aa2-4f29-af8c-20d0b7f40999,true,true
C41B9490-AB6A-469C-9FFD-A7D678EE49A2,EN070,CSI BOGO SIRATARE,50DE60E2-4B27-43C8-8085-1F3E066B843C,3b8f731e-9aa2-4f29-af8c-20d0b7f40999,true,true
AC8BFE92-489F-4570-8171-74BEE747ABFD,EN069,CSI BALDA,50DE60E2-4B27-43C8-8085-1F3E066B843C,3b8f731e-9aa2-4f29-af8c-20d0b7f40999,true,true
B4FAC1CC-41F3-4166-8D66-BE3FF10CD5A6,EN247,CSI MINDIF,57BDC68C-96BC-455C-98B4-92B88F843385,3b8f731e-9aa2-4f29-af8c-20d0b7f40999,true,true
A0C26E1A-9DD9-464F-AFED-D0A403A96A98,EN249,CSI MOGOM,57BDC68C-96BC-455C-98B4-92B88F843385,3b8f731e-9aa2-4f29-af8c-20d0b7f40999,true,true
4EA0E5C4-CD00-475B-B980-C2DAC33EDED2,EN248,CSI MODJOMBODI,57BDC68C-96BC-455C-98B4-92B88F843385,3b8f731e-9aa2-4f29-af8c-20d0b7f40999,true,true
AC08BFC9-CDC3-4672-ABF8-197190860ADB,EN068,CSI BALAZA,50DE60E2-4B27-43C8-8085-1F3E066B843C,3b8f731e-9aa2-4f29-af8c-20d0b7f40999,true,true
C35A6B97-6322-4DE2-AA47-C52691887242,EN231,CMA KODEK,382A9BDD-BC73-439D-BE9A-7BE06D8E5EAD,3b8f731e-9aa2-4f29-af8c-20d0b7f40999,true,true
8FD570CF-73ED-4DC3-BF7C-09644811009D,ENB12,CSPC MARIE BALAVENNE,F3ACF85E-28FA-4E2C-A90B-231A46B2CF70,3b8f731e-9aa2-4f29-af8c-20d0b7f40999,true,true
342F0C6E-0790-47CB-9985-40C227BE9001,EN074,CSI SEDEK,50DE60E2-4B27-43C8-8085-1F3E066B843C,3b8f731e-9aa2-4f29-af8c-20d0b7f40999,true,true
A0FA723A-AB08-4781-9A47-AEF715C196CA,EN073,CSI MADAKA,50DE60E2-4B27-43C8-8085-1F3E066B843C,3b8f731e-9aa2-4f29-af8c-20d0b7f40999,true,true
F996C282-3579-4994-BE8A-5AEAFA4CE6CB,EN310,CSI FADARE,F25C1567-123A-43F8-A070-214521D6D27C,3b8f731e-9aa2-4f29-af8c-20d0b7f40999,true,true
01E20CD2-0146-464E-8B28-5C5B202F6482,EN307,CSI DJAOUDE,F25C1567-123A-43F8-A070-214521D6D27C,3b8f731e-9aa2-4f29-af8c-20d0b7f40999,true,true
1F52CB00-70DF-4D89-BEEE-FBB01C1F61D5,EN072,CSI GUINGLEY,50DE60E2-4B27-43C8-8085-1F3E066B843C,3b8f731e-9aa2-4f29-af8c-20d0b7f40999,true,true
3C2FCBB0-E3E2-465D-AE4A-4F9097052DFA,EN309,CSI DOUBBEL,F25C1567-123A-43F8-A070-214521D6D27C,3b8f731e-9aa2-4f29-af8c-20d0b7f40999,true,true
4E6E15B3-AEFF-45DD-BBB3-50CBAAC49F3F,EN311,CSI MALAM PETEL,F25C1567-123A-43F8-A070-214521D6D27C,3b8f731e-9aa2-4f29-af8c-20d0b7f40999,true,true
C7560EC2-3E40-458D-83ED-CE97C97AFFFD,EN308,CSI DJOUTA BEMBAL,F25C1567-123A-43F8-A070-214521D6D27C,3b8f731e-9aa2-4f29-af8c-20d0b7f40999,true,true
A4873B8D-A535-416F-956A-982F51A51A53,ADGAD,CSPC GADA,B2B98A00-F84E-4D2C-95CA-74CB92473114,3b8f731e-9aa2-4f29-af8c-20d0b7f40999,true,true
1738AF0C-5AC8-4043-A87B-C807644A200E,AD047,CSP Oisa,B2B98A00-F84E-4D2C-95CA-74CB92473114,3b8f731e-9aa2-4f29-af8c-20d0b7f40999,true,true
2FB99C94-8FC6-4582-BB9D-F8C9A5E2254B,ADMBE2,CMA MBE,FF263B17-E0DC-47E5-8AF5-B447380DFC93,3b8f731e-9aa2-4f29-af8c-20d0b7f40999,true,true
308EE487-4A2B-4093-BA5F-308D0C990C3C,AD049,CMA De Mayo-Baleo,A3EA7A65-81E9-4674-AD48-DCACDB9DF7F7,3b8f731e-9aa2-4f29-af8c-20d0b7f40999,true,true
A68FAA31-83E4-4A86-BEAA-A17205DC856D,AD172,CSI Wogoumdou,A3EA7A65-81E9-4674-AD48-DCACDB9DF7F7,3b8f731e-9aa2-4f29-af8c-20d0b7f40999,true,true
864257CE-D200-44B7-8B65-3B286C6931DF,NW020,Ako District Hospital,31013DC8-A3F0-4F0D-B75D-195788FB8D4D,3b8f731e-9aa2-4f29-af8c-20d0b7f40992,true,true
DD59C5FD-F4DF-4525-8F70-8339AD419AE9,NW062,CMA ASHONGNW062,2632F6CC-AD59-4C58-9152-F7F8BF443151,3b8f731e-9aa2-4f29-af8c-20d0b7f40999,true,true
6A465B4D-232D-49CE-AD3C-1A438C4C5DBE,NW004,NJINIKOM CATHOLIC HOSPITAL,A0A2D317-4E4A-448B-A135-FEBF09F3D9A1,3b8f731e-9aa2-4f29-af8c-20d0b7f40992,true,true
3ED515A2-67D5-4CB4-B574-128D13FF7EAD,NW017,Fundong District Hospital,A0A2D317-4E4A-448B-A135-FEBF09F3D9A1,3b8f731e-9aa2-4f29-af8c-20d0b7f40992,true,true
36B02E94-DA4F-4961-B0B9-6034CA0E5907,NW007,Shisong Catholic Hospital,D3318429-2C94-44DF-8CA5-AE096FBFA016,3b8f731e-9aa2-4f29-af8c-20d0b7f40992,true,true
D4C14262-2F3C-49E0-8D18-16843EBD8A37,NW041,CMA JAKIRI,D3318429-2C94-44DF-8CA5-AE096FBFA016,3b8f731e-9aa2-4f29-af8c-20d0b7f40999,true,true
20E964EE-BE9C-4557-95BE-04C55C1716E1,NW153,St Corneluis Catholic Health Centre,D3318429-2C94-44DF-8CA5-AE096FBFA016,3b8f731e-9aa2-4f29-af8c-20d0b7f40999,true,true
95CE9403-0990-4246-8335-AED6A49FC6B0,NW040,CMA KUMBO,2274E021-7E78-4665-986D-E6D5C9BF6AEB,3b8f731e-9aa2-4f29-af8c-20d0b7f40999,true,true
6FBCB131-93B2-428D-BF46-37D6FC18C467,NW006,Banso Baptist Hospital,2274E021-7E78-4665-986D-E6D5C9BF6AEB,3b8f731e-9aa2-4f29-af8c-20d0b7f40992,true,true
2C49C320-1105-4775-8553-AA4EAA7B6650,NW018,Ndu District Hospital,2EB15C10-4797-40BB-9094-554F3BC6F602,3b8f731e-9aa2-4f29-af8c-20d0b7f40999,true,true
2234840E-426A-4B95-B39E-8B4AC9B94967,NW078,NDU BAPTIST HEALTH CENTER,2EB15C10-4797-40BB-9094-554F3BC6F602,3b8f731e-9aa2-4f29-af8c-20d0b7f40999,true,true
EE70988E-8FC4-4E7C-9921-BAABE0364485,NW009,NKAMBE REGIONAL HOSPITAL ANNEX,FE0DED85-0C09-46C5-A36F-15AF9BE15F17,3b8f731e-9aa2-4f29-af8c-20d0b7f40992,true,true
41C3A54E-714E-4941-92A2-FBB98AD14243,NW032,Nkambe Urban Integrated Health Centre,FE0DED85-0C09-46C5-A36F-15AF9BE15F17,3b8f731e-9aa2-4f29-af8c-20d0b7f40999,true,true
9FD81431-BDEC-48C6-827E-B530B652CA18,NW070,Binka Integrated Health Center,FE0DED85-0C09-46C5-A36F-15AF9BE15F17,3b8f731e-9aa2-4f29-af8c-20d0b7f40999,true,true
873B5A1F-A216-4D11-B183-6DECFAF6F7C1,NW065,MISAJE DISTRICT HOSPITAL,FE0DED85-0C09-46C5-A36F-15AF9BE15F17,3b8f731e-9aa2-4f29-af8c-20d0b7f40999,true,true
878228BF-9AFB-4505-9011-415F537622AC,NW077,ST KIZITO CATHOLIC HEALTH CENTRE-SABONGARI,53E8402C-3109-48C0-BCF7-4E0AE053E766,3b8f731e-9aa2-4f29-af8c-20d0b7f40999,true,true
90D9BBDA-B4DF-4F97-9969-52F49C7E4F1F,NW024,Nwa District Hospital,53E8402C-3109-48C0-BCF7-4E0AE053E766,3b8f731e-9aa2-4f29-af8c-20d0b7f40992,true,true
6C5277C4-E365-49AA-B35E-F88CD5166F93,NW021,Oku District Hospital,0D69BB80-433A-4C4C-87D1-8B5F60BFE9DD,3b8f731e-9aa2-4f29-af8c-20d0b7f40992,true,true
BCDA97D4-CF72-4330-B984-DD35939865F7,NW005,WUM DISTRICT HOSPITAL,3AF4E6D1-A7ED-4695-876A-4D6679915015,3b8f731e-9aa2-4f29-af8c-20d0b7f40992,true,true
03F6BEC4-C252-4414-B43E-C8D09AA2A29D,NW023,DISTRICT HOSPITAL SANTA,3AB53F46-C2EE-448D-B1C9-76E2D08DD25D,3b8f731e-9aa2-4f29-af8c-20d0b7f40992,true,true
BFD37F57-29A5-4E40-87B2-874D228581C4,NW036,Bafmeng Medicalised Health centre,3AF4E6D1-A7ED-4695-876A-4D6679915015,3b8f731e-9aa2-4f29-af8c-20d0b7f40999,true,true
EE30997F-5AD3-4347-A6F9-23DFABA89ADE,NW026,Holy Family Medical Center,3AB53F46-C2EE-448D-B1C9-76E2D08DD25D,3b8f731e-9aa2-4f29-af8c-20d0b7f40999,true,true
17AD8FFE-DAEF-418C-8CF7-44A8672ECB92,NW022,DISTRICT HOSPITAL TUBAH,044B499A-E943-48C6-A8FC-B796E3206866,3b8f731e-9aa2-4f29-af8c-20d0b7f40992,true,true
CF686A63-5EF7-4FF2-A54E-BC8C9D402A64,NW014,MBENGWI DISTRICT HOSPITAL,499BFFEB-8C04-40A3-88C9-BFAE9939EDA6,3b8f731e-9aa2-4f29-af8c-20d0b7f40992,true,true
8F822927-E2FB-4D98-A423-6CBB8EBA9543,NW071,St John the Baptist Hospital,F5B1A69E-0D3F-4D1B-B7A5-391B3F449D10,3b8f731e-9aa2-4f29-af8c-20d0b7f40999,true,true
FFAC2EB0-9C1A-43A2-8328-0492F3C9F46A,NW076,ST MONICA CATHOLIC HC BABA-I,F5B1A69E-0D3F-4D1B-B7A5-391B3F449D10,3b8f731e-9aa2-4f29-af8c-20d0b7f40999,true,true
6B2C81FA-2968-4D99-8F9C-04CC56E969AF,NW011,Ndop District Hospital,F5B1A69E-0D3F-4D1B-B7A5-391B3F449D10,3b8f731e-9aa2-4f29-af8c-20d0b7f40992,true,true
631A3BBD-819F-45EF-8C36-499A38F7F5B9,NW025,CMA Bambalang,F5B1A69E-0D3F-4D1B-B7A5-391B3F449D10,3b8f731e-9aa2-4f29-af8c-20d0b7f40999,true,true
8FECB966-19AC-47EF-B720-14109E61C060,NW033,Bamunka Urban IHC,F5B1A69E-0D3F-4D1B-B7A5-391B3F449D10,3b8f731e-9aa2-4f29-af8c-20d0b7f40999,true,true
F6DA187A-33CB-4CEF-8BCB-5789B4CC1B4A,NW003,BATIBO DISTRICT HOSPITAL,2632F6CC-AD59-4C58-9152-F7F8BF443151,3b8f731e-9aa2-4f29-af8c-20d0b7f40999,true,true
D1FD9CE7-CB76-4B30-A740-9E907905A7A8,NW008,Mbingo Baptist Hospital,A0A2D317-4E4A-448B-A135-FEBF09F3D9A1,3b8f731e-9aa2-4f29-af8c-20d0b7f40992,true,true
93662381-1B9D-4079-A308-436583F77CDC,NW031,St. Mary Soledad Catholic Hospita,EE48B518-F97D-4435-AA62-5AFB10DA9F17,3b8f731e-9aa2-4f29-af8c-20d0b7f40992,true,true
1316E924-994B-436D-8944-5A459851A3C4,NW013,BALI DISTRICT HOSPITAL,E40FAF12-82B3-4718-B6CD-5DBF178B261E,3b8f731e-9aa2-4f29-af8c-20d0b7f40992,true,true
0EDF89BC-52D9-4F27-84D7-ACFBDCD07912,NW010,BAFUT DISTRICT HOSPITAL,5585B12E-E3F4-400F-B803-B76D15759305,3b8f731e-9aa2-4f29-af8c-20d0b7f40992,true,true
75E37C9E-8FF7-44A7-A21E-3776593B7B50,NW030,Bamenda 3 District Hospital,EE48B518-F97D-4435-AA62-5AFB10DA9F17,3b8f731e-9aa2-4f29-af8c-20d0b7f40992,true,true
B70E9C61-E470-4A66-BA25-42ABF9F48BEA,NW088,Nkwen Rural Integrated Health Centre,EE48B518-F97D-4435-AA62-5AFB10DA9F17,3b8f731e-9aa2-4f29-af8c-20d0b7f40999,true,true
19F99865-DEFA-4161-9389-7EF231BCD626,NW029,Azire Integrated Health Centre,EE48B518-F97D-4435-AA62-5AFB10DA9F17,3b8f731e-9aa2-4f29-af8c-20d0b7f40999,true,true
0D09E6B4-CB9D-44AD-B6CD-DEDF0E010A6A,NW012,Nkwen Baptist Health Center,EE48B518-F97D-4435-AA62-5AFB10DA9F17,3b8f731e-9aa2-4f29-af8c-20d0b7f40999,true,true
AD14B2B5-5FD0-4A52-AF02-B779B3863DEF,NW063,ST. BLAISE CATHOLIC CLINIC MANKON,EE48B518-F97D-4435-AA62-5AFB10DA9F17,3b8f731e-9aa2-4f29-af8c-20d0b7f40992,true,true
ABD3F0F8-BAD1-424B-911E-99FE4377D790,NW001,BAMENDA REGIONAL HOSPITAL,EE48B518-F97D-4435-AA62-5AFB10DA9F17,3b8f731e-9aa2-4f29-af8c-20d0b7f40992,true,true
5930EEAB-1BAB-4081-BEAD-53FBB2F80B92,SU002,HÔPITAL DISTRICT AMBAM,EE9FE505-90BA-4E8B-9DF6-A993D9265103,3b8f731e-9aa2-4f29-af8c-20d0b7f40992,true,true
8A97E75B-BC02-4560-BDCD-43A27543A855,SU055,CMA MEYO CENTRE,EE9FE505-90BA-4E8B-9DF6-A993D9265103,3b8f731e-9aa2-4f29-af8c-20d0b7f40999,true,true
B4FC1171-E7B5-4727-B1BE-375FAF08C0C4,SU151,CSI de V13,525831A3-0129-46FD-8739-6231C0D9ACD7,3b8f731e-9aa2-4f29-af8c-20d0b7f40999,true,true
7B15D6F9-51B1-4A9E-AC95-66C7E15A3852,SU124,CMA Adjap,525831A3-0129-46FD-8739-6231C0D9ACD7,3b8f731e-9aa2-4f29-af8c-20d0b7f40999,true,true
C8F00CE2-3721-4FBA-B40C-1EA2C93B39FE,SUBIP,CMA Bipindi,9CD57671-BDA0-40D3-961A-9B3E42517891,3b8f731e-9aa2-4f29-af8c-20d0b7f40999,true,true
92EB7EBD-71C6-4FDE-851C-7418BB8A54C4,SU003,HD LOLODORF,9CD57671-BDA0-40D3-961A-9B3E42517891,3b8f731e-9aa2-4f29-af8c-20d0b7f40992,true,true
23B4CEDC-829B-4C1A-8A9B-B12041F01B95,SUAKM,CMA Akom II,525831A3-0129-46FD-8739-6231C0D9ACD7,3b8f731e-9aa2-4f29-af8c-20d0b7f40999,true,true
5475A282-A253-48AC-9F3E-DD18F3A84334,SU014,HD Kye Ossi,EE9FE505-90BA-4E8B-9DF6-A993D9265103,3b8f731e-9aa2-4f29-af8c-20d0b7f40992,true,true
1F73C473-0016-4984-9C57-FC26ED5F2674,SUHCN,Hopital Catholique Ngovayang,9CD57671-BDA0-40D3-961A-9B3E42517891,3b8f731e-9aa2-4f29-af8c-20d0b7f40999,true,true
AFEC84A4-DF41-4F48-AC0A-4BB4871F5094,CSU009,Hopital Central Hevecam,525831A3-0129-46FD-8739-6231C0D9ACD7,3b8f731e-9aa2-4f29-af8c-20d0b7f40992,true,true
F3434AFB-CD71-4998-8EB2-9F51D63E71F0,SUHEV,CSI Hevecam I V4,525831A3-0129-46FD-8739-6231C0D9ACD7,3b8f731e-9aa2-4f29-af8c-20d0b7f40999,true,true
AF415540-F620-4A2A-A788-1CF58133335F,SU226,CSI de Bile Bila,3B63352A-26A1-4EF8-B574-9629B6D64215,3b8f731e-9aa2-4f29-af8c-20d0b7f40999,true,true
A605221C-FF85-4A3F-8C23-0166ED4D8754,SUMVE,CMA Mvengue,9CD57671-BDA0-40D3-961A-9B3E42517891,3b8f731e-9aa2-4f29-af8c-20d0b7f40999,true,true
776EFBCA-247C-48BE-9997-396F398005B8,SU037,CSI Abang Minko'o,EE9FE505-90BA-4E8B-9DF6-A993D9265103,3b8f731e-9aa2-4f29-af8c-20d0b7f40999,true,true
96769398-7A19-4DED-A2DB-F15D60FFFD2F,SU081,CMA Afan Mabe,525831A3-0129-46FD-8739-6231C0D9ACD7,3b8f731e-9aa2-4f29-af8c-20d0b7f40999,true,true
35D5C2B2-C715-4D8C-BF21-33B2970C617F,SUCPO,CMA CAMPO,525831A3-0129-46FD-8739-6231C0D9ACD7,3b8f731e-9aa2-4f29-af8c-20d0b7f40999,true,true
EB6A46A1-5E94-44FE-B677-F619908C35AC,SU137,CSI Grand Batanga,525831A3-0129-46FD-8739-6231C0D9ACD7,3b8f731e-9aa2-4f29-af8c-20d0b7f40999,true,true
B7DA63BD-07AC-46D3-BCB3-1B010A56F89C,SU047,CSI Meyo Elie,EE9FE505-90BA-4E8B-9DF6-A993D9265103,3b8f731e-9aa2-4f29-af8c-20d0b7f40999,true,true
3F6A240C-633C-4715-BAE5-09D5CEDF2847,SUMAN,CMA MA’AN,EE9FE505-90BA-4E8B-9DF6-A993D9265103,3b8f731e-9aa2-4f29-af8c-20d0b7f40999,true,true
5A6EDF01-B9EB-4685-B67E-A87C32FEEC6F,SU059,CMA Nyabessang,EE9FE505-90BA-4E8B-9DF6-A993D9265103,3b8f731e-9aa2-4f29-af8c-20d0b7f40999,true,true
8457F0E3-9D3A-43F5-93BF-4F489FD9DE5B,SU038,CSI Ambam Urbain,EE9FE505-90BA-4E8B-9DF6-A993D9265103,3b8f731e-9aa2-4f29-af8c-20d0b7f40999,true,true
449B2A30-E300-438E-95D6-235DABEBA675,SU167,CSI de Londji,525831A3-0129-46FD-8739-6231C0D9ACD7,3b8f731e-9aa2-4f29-af8c-20d0b7f40999,true,true
04F9E10B-DBCB-4F8A-BF24-F05DF5AD173A,SU166,CMA de Fifinda,525831A3-0129-46FD-8739-6231C0D9ACD7,3b8f731e-9aa2-4f29-af8c-20d0b7f40999,true,true
07E05CAE-84E3-4A78-9335-D92F17D4FFFC,SUBWE,CMA Bwambe,525831A3-0129-46FD-8739-6231C0D9ACD7,3b8f731e-9aa2-4f29-af8c-20d0b7f40999,true,true
EB448A58-637B-4943-958E-7FBD58BB23D6,SU07,HD Kribi,525831A3-0129-46FD-8739-6231C0D9ACD7,3b8f731e-9aa2-4f29-af8c-20d0b7f40992,true,true
8D560977-069D-4B42-96B1-B5D7145B6EF1,ES027,CSI D'OBOULI,23F01A5F-EE93-4C4B-8963-F08DA57BA8EA,3b8f731e-9aa2-4f29-af8c-20d0b7f40999,true,true
BA8CE8D9-672A-4067-898E-9CD7A837CFB4,ESANG,CSI ANKOUNG,23F01A5F-EE93-4C4B-8963-F08DA57BA8EA,3b8f731e-9aa2-4f29-af8c-20d0b7f40999,true,true
52E9F85D-F373-412C-B362-5A93E8B6E902,ESZLA,CSI ZOGUELA,23F01A5F-EE93-4C4B-8963-F08DA57BA8EA,3b8f731e-9aa2-4f29-af8c-20d0b7f40999,true,true
DDE0EE2B-8DDB-407F-83FC-478207C8981E,ES004,HD BATOURI,99468FE4-13A3-4526-9A1F-4D1632661831,3b8f731e-9aa2-4f29-af8c-20d0b7f40992,true,true
CEB83A63-D3F2-4A8A-AB79-01FC8E598664,ESMOK,CSI MOKOLO,99468FE4-13A3-4526-9A1F-4D1632661831,3b8f731e-9aa2-4f29-af8c-20d0b7f40999,true,true
1E0FED61-15BB-4054-8E75-16E6380F6FDD,ES025,CSI ABONG BANG,23F01A5F-EE93-4C4B-8963-F08DA57BA8EA,3b8f731e-9aa2-4f29-af8c-20d0b7f40999,true,true
06560509-353D-4B1E-BE8B-29E1AEB3A15D,ESSLM,CSI SOKAMALAM,23F01A5F-EE93-4C4B-8963-F08DA57BA8EA,3b8f731e-9aa2-4f29-af8c-20d0b7f40999,true,true
F7C1FD34-ED19-40F5-A909-BB10E5AD53F8,ESNKK,CSI NKOUAK,23F01A5F-EE93-4C4B-8963-F08DA57BA8EA,3b8f731e-9aa2-4f29-af8c-20d0b7f40999,true,true
EFA041B5-D80D-4EFA-9C40-290DAEAB174D,ESKMB,CSI KWOAMB,23F01A5F-EE93-4C4B-8963-F08DA57BA8EA,3b8f731e-9aa2-4f29-af8c-20d0b7f40999,true,true
D5645022-BE3D-4FCC-8606-32D441D8B7B4,ESBZE,CSI BAGBEZE II,23F01A5F-EE93-4C4B-8963-F08DA57BA8EA,3b8f731e-9aa2-4f29-af8c-20d0b7f40999,true,true
E1C3C4FE-06BD-4F36-A4F8-A374A8C74CD3,ES026,CSI MBOMBA,23F01A5F-EE93-4C4B-8963-F08DA57BA8EA,3b8f731e-9aa2-4f29-af8c-20d0b7f40999,true,true
5BDA6A5A-12C7-4E8E-A664-1020D83B097D,ES106,CMA MINDOUROU,23F01A5F-EE93-4C4B-8963-F08DA57BA8EA,3b8f731e-9aa2-4f29-af8c-20d0b7f40999,true,true
46AB81CA-B0B3-4EA9-AEA9-0A7700E59BA2,ESBFT,CMA BAGOFIT,23F01A5F-EE93-4C4B-8963-F08DA57BA8EA,3b8f731e-9aa2-4f29-af8c-20d0b7f40999,true,true
639C535E-876B-43AD-B9DE-EAC02F0D7BE0,ESATK,CMA ATOK,23F01A5F-EE93-4C4B-8963-F08DA57BA8EA,3b8f731e-9aa2-4f29-af8c-20d0b7f40999,true,true
4B684E3D-7672-4191-80DB-1750B1F91D23,ES024,CMA ANGOSSAS,23F01A5F-EE93-4C4B-8963-F08DA57BA8EA,3b8f731e-9aa2-4f29-af8c-20d0b7f40999,true,true
7F8D398A-8C88-4452-BDA8-3C447DB6DB98,ES002,HD ABONG BANG,23F01A5F-EE93-4C4B-8963-F08DA57BA8EA,3b8f731e-9aa2-4f29-af8c-20d0b7f40999,true,true
3CF49EF3-1D58-4B46-A839-6EC371427845,ESAMA,CSI AKOK MAKA,23F01A5F-EE93-4C4B-8963-F08DA57BA8EA,3b8f731e-9aa2-4f29-af8c-20d0b7f40999,true,true
EAE7BBD8-D0F4-4BDC-A2A9-886138B1A3BE,ES029,CSC ESSENG,23F01A5F-EE93-4C4B-8963-F08DA57BA8EA,3b8f731e-9aa2-4f29-af8c-20d0b7f40999,true,true
D8173B08-0E86-448B-9361-C7D1A6846E96,ESBDE,CMA BANDONGOUE,99468FE4-13A3-4526-9A1F-4D1632661831,3b8f731e-9aa2-4f29-af8c-20d0b7f40999,true,true
23ACB5CD-2C51-42E8-8F95-908B3CEF67D3,ESGJI,CSI GADJI,99468FE4-13A3-4526-9A1F-4D1632661831,3b8f731e-9aa2-4f29-af8c-20d0b7f40999,true,true
8B344FBF-BE2B-4D94-96CA-C3580123E7D8,ESNSI,CSI NDJASSI,99468FE4-13A3-4526-9A1F-4D1632661831,3b8f731e-9aa2-4f29-af8c-20d0b7f40999,true,true
7CDC592C-CB0F-4A93-AD12-BC10FFEBE9F8,ESTRE,CSI TAPARE,99468FE4-13A3-4526-9A1F-4D1632661831,3b8f731e-9aa2-4f29-af8c-20d0b7f40999,true,true
85E5C482-F571-4D26-9580-2F233E555A1B,ES032,CMA BATOURI,99468FE4-13A3-4526-9A1F-4D1632661831,3b8f731e-9aa2-4f29-af8c-20d0b7f40999,true,true
C1B25432-B87F-40D8-81F1-E408EFA54420,ES012,Centre Hospitalier Catholique de BATOURI,99468FE4-13A3-4526-9A1F-4D1632661831,3b8f731e-9aa2-4f29-af8c-20d0b7f40999,true,true
3E605325-DC32-480D-BBD3-14046A0FF949,ESBRI,CSC BATOURI,99468FE4-13A3-4526-9A1F-4D1632661831,3b8f731e-9aa2-4f29-af8c-20d0b7f40999,true,true
2B730C4F-2C6D-4506-88BE-04E7BD450BEB,ES037,CSI Nguelebok,99468FE4-13A3-4526-9A1F-4D1632661831,3b8f731e-9aa2-4f29-af8c-20d0b7f40999,true,true
09AC61D5-8238-4207-9A86-5E5C10C43ACC,ES005,Hôpital de District de Messamena,8B445EBD-139C-4A05-AB6B-645B6A2335A4,3b8f731e-9aa2-4f29-af8c-20d0b7f40992,true,true
E2DBE92F-A5D8-4F15-987E-1D6EA9C7DAB0,ESLME,HD LOMIE,4EDE00BE-7914-43E8-857D-E0FD6F6421BC,3b8f731e-9aa2-4f29-af8c-20d0b7f40992,true,true
66A4DB4B-C0D2-4E28-B36C-7341C4AD6644,ES018,HD NGUELEMENDOUKA,DB5481D1-3F88-44DE-924C-796D58C7B301,3b8f731e-9aa2-4f29-af8c-20d0b7f40992,true,true
0BDC61D8-7C21-4C46-A376-F79A70B78B72,ES099,CMA SOMALOMO,8B445EBD-139C-4A05-AB6B-645B6A2335A4,3b8f731e-9aa2-4f29-af8c-20d0b7f40999,true,true
42DF9104-4A89-4AC3-AEFB-59CA7AACF7B2,ES084,CSI TIMANGOLO,4F55B080-6813-4EC2-9787-FDDCFF727167,3b8f731e-9aa2-4f29-af8c-20d0b7f40999,true,true
D0305DD9-9A82-4504-BD3D-1F8DFE53C01C,ES013,HD BETARE OYA,4320993B-00F5-49F9-BB6A-7B70B097A36E,3b8f731e-9aa2-4f29-af8c-20d0b7f40992,true,true
AA20E13C-C2CF-41C6-9180-39EEFC305039,ES066,CSI NDOKAYO,4320993B-00F5-49F9-BB6A-7B70B097A36E,3b8f731e-9aa2-4f29-af8c-20d0b7f40999,true,true
CE8AE7C6-C644-490D-917F-2351E0E24A40,ES086,HD MBANG,D2EF52D6-6AE4-43F1-96B1-787AFDCAC063,3b8f731e-9aa2-4f29-af8c-20d0b7f40992,true,true
46C06BDD-D6FF-47F8-999D-C6186BF61FD6,ES014,HD KETTE,4F55B080-6813-4EC2-9787-FDDCFF727167,3b8f731e-9aa2-4f29-af8c-20d0b7f40992,true,true
A35047C0-69F6-426E-B0EB-B3AF638BC1D3,ES071,CSI GUIWA YANGAMO,4320993B-00F5-49F9-BB6A-7B70B097A36E,3b8f731e-9aa2-4f29-af8c-20d0b7f40999,true,true
D7A362B9-F450-4E78-AF26-4246A008B7CA,ES091,CMA NGOYLA,4EDE00BE-7914-43E8-857D-E0FD6F6421BC,3b8f731e-9aa2-4f29-af8c-20d0b7f40999,true,true
D5F20301-4B72-4DA4-BD4A-CFE724563968,ESNMU,CSI NGOUMOU,DB5481D1-3F88-44DE-924C-796D58C7B301,3b8f731e-9aa2-4f29-af8c-20d0b7f40999,true,true
E11CF948-7BA0-4103-AF61-994518B75CFA,ES069,CMA NGOURA,4320993B-00F5-49F9-BB6A-7B70B097A36E,3b8f731e-9aa2-4f29-af8c-20d0b7f40999,true,true
0B4EFA99-B0B9-4F19-9115-600868D46E05,ES081,CMA GBITI,4F55B080-6813-4EC2-9787-FDDCFF727167,3b8f731e-9aa2-4f29-af8c-20d0b7f40999,true,true
E5880A5A-B40B-4AD8-A0D4-61D5E8FA8993,ES017,HD NDELELE,A2EC180E-F788-4D3C-92E5-98BA4B8E055D,3b8f731e-9aa2-4f29-af8c-20d0b7f40992,true,true
464C5D96-63F0-4987-92B3-68B2BDAA9BBC,ES008,HD MOLOUNDOU,B84A9D6E-B313-43FD-8E7D-7A883CCE1038,3b8f731e-9aa2-4f29-af8c-20d0b7f40992,true,true
4A678636-ABA4-41B6-8E2B-76C6A497C70F,ES016,CMA KENTZOU,A2EC180E-F788-4D3C-92E5-98BA4B8E055D,3b8f731e-9aa2-4f29-af8c-20d0b7f40999,true,true
0DFEDEF4-8248-4493-A51B-E2D6BB482667,ESSBE,CMA SALAPOUMBE,B84A9D6E-B313-43FD-8E7D-7A883CCE1038,3b8f731e-9aa2-4f29-af8c-20d0b7f40999,true,true
5B66B1CE-EA08-45BC-96D6-19F7B5FEE7AF,ES112,CMA GARI GOMBO,CC2E778E-EB42-4DC7-A17D-AB6925C1EA7C,3b8f731e-9aa2-4f29-af8c-20d0b7f40999,true,true
56844B41-F797-4D86-8514-D41229580106,ES009,HD YOKADOUMA,CC2E778E-EB42-4DC7-A17D-AB6925C1EA7C,3b8f731e-9aa2-4f29-af8c-20d0b7f40992,true,true
5DD0EAFB-5439-4DFB-A1B7-73A4149146A2,ES006,HD BELABO,A91C7AC4-3F3F-4244-8034-4A6A8B598F55,3b8f731e-9aa2-4f29-af8c-20d0b7f40999,true,true
AA7644A0-4FCB-4499-9560-4ECC981803BE,ES044,CMA DIANG,A91C7AC4-3F3F-4244-8034-4A6A8B598F55,3b8f731e-9aa2-4f29-af8c-20d0b7f40999,true,true
8077D082-C539-4F85-84AC-B38BE0B16F8A,ES077,HD GAROUA BOULAI,C4F72A99-57A0-4071-832A-A31306E15107,3b8f731e-9aa2-4f29-af8c-20d0b7f40992,true,true
F761DFCC-AA05-41F0-A540-BDFFF61A66BE,ES078,CSI BINDIBA,C4F72A99-57A0-4071-832A-A31306E15107,3b8f731e-9aa2-4f29-af8c-20d0b7f40999,true,true
49449868-585D-4A40-A127-76356F3FBCFF,ES079,CSI GADO BADZERE,C4F72A99-57A0-4071-832A-A31306E15107,3b8f731e-9aa2-4f29-af8c-20d0b7f40999,true,true
33E59709-375F-4A29-8C3E-DD23600EC239,ESAKM,CSI ANKOM,23F01A5F-EE93-4C4B-8963-F08DA57BA8EA,3b8f731e-9aa2-4f29-af8c-20d0b7f40999,true,true
DFF03DC6-3CFD-4370-9F2F-A31FB7995663,ESDPL,CSI DJAMPIEL,23F01A5F-EE93-4C4B-8963-F08DA57BA8EA,3b8f731e-9aa2-4f29-af8c-20d0b7f40999,true,true
86C272DC-AF72-461F-BE3F-F98335142B38,ESPTT,H PROTESTANT,23F01A5F-EE93-4C4B-8963-F08DA57BA8EA,3b8f731e-9aa2-4f29-af8c-20d0b7f40992,true,true
CC8EF80D-9BFF-4EEE-B285-3D2BFE1FECDF,SU249,CSI NKOLNGUET,ACB13C0F-DA7F-4C16-B680-9F3F901F8BEA,3b8f731e-9aa2-4f29-af8c-20d0b7f40999,true,true
B787B361-1639-40AB-96F6-E31153F7E4DF,SU243,CMA MEYOMESSI,ACB13C0F-DA7F-4C16-B680-9F3F901F8BEA,3b8f731e-9aa2-4f29-af8c-20d0b7f40999,true,true
E5EDE493-D085-4F81-AB4D-E401F9C1EAAD,SU246,CSI NKOLOTOUOUTOU,ACB13C0F-DA7F-4C16-B680-9F3F901F8BEA,3b8f731e-9aa2-4f29-af8c-20d0b7f40999,true,true
7E363003-6197-4361-BFA2-29D0D79FA1AC,SU251,Leproserie de Sangmelima,ACB13C0F-DA7F-4C16-B680-9F3F901F8BEA,3b8f731e-9aa2-4f29-af8c-20d0b7f40999,true,true
C5DD3BAD-8723-4856-A489-EDC2D0391C46,SU221,HOPITAL ST LUC BIMENGUE,7D60CDFD-FE59-4267-9974-49BF3BBF20EA,3b8f731e-9aa2-4f29-af8c-20d0b7f40999,true,true
EF329273-9F40-4A07-84E7-F0D4F476D361,SUOZE,HD OLAMZE,3B63352A-26A1-4EF8-B574-9629B6D64215,3b8f731e-9aa2-4f29-af8c-20d0b7f40992,true,true
73BBBE1F-3162-41AC-BA4E-0756DCEDF46E,SU017,HD MVANGAN,7D60CDFD-FE59-4267-9974-49BF3BBF20EA,3b8f731e-9aa2-4f29-af8c-20d0b7f40992,true,true
FF022FB5-BB6F-4153-8AB7-34E22ECEA27A,SU034,CSIU AKON,ACB13C0F-DA7F-4C16-B680-9F3F901F8BEA,3b8f731e-9aa2-4f29-af8c-20d0b7f40999,true,true
7F9595CF-D13E-4673-AFB9-D424E3E983D5,SU232,CS Catholique d'Akon,ACB13C0F-DA7F-4C16-B680-9F3F901F8BEA,3b8f731e-9aa2-4f29-af8c-20d0b7f40999,true,true
563DF8A6-68B2-4AD7-9A6D-197C415D55E5,SU257, CSI MFOULADJA,530708F9-5174-43CE-A6A0-04AB58631829,3b8f731e-9aa2-4f29-af8c-20d0b7f40999,true,true
AB7C1CE6-F954-46FC-A646-145DE95BA21F,SU004,HD SANGMELIMA,ACB13C0F-DA7F-4C16-B680-9F3F901F8BEA,3b8f731e-9aa2-4f29-af8c-20d0b7f40992,true,true
92F1A71D-59E4-44E8-8941-FD7CEE5BC308,SU016,CSDM MONAVEBE,ACB13C0F-DA7F-4C16-B680-9F3F901F8BEA,3b8f731e-9aa2-4f29-af8c-20d0b7f40999,true,true
76A8924E-4696-4712-980B-9395332E34E6,SU248,CSI OVENG YEMVAK,ACB13C0F-DA7F-4C16-B680-9F3F901F8BEA,3b8f731e-9aa2-4f29-af8c-20d0b7f40999,true,true
06DBE06E-9D7C-483F-B9EC-E4DC4D22AAE3,SU023,CSP SAINTE MARGUERITE,530708F9-5174-43CE-A6A0-04AB58631829,3b8f731e-9aa2-4f29-af8c-20d0b7f40999,true,true
299238FF-62C1-4090-8BF7-918342FF7554,SU255,CMA FIBOT,530708F9-5174-43CE-A6A0-04AB58631829,3b8f731e-9aa2-4f29-af8c-20d0b7f40999,true,true
D920BC32-DE87-4B7F-A85A-C7772C13E0C6,SU256,CSI NGOLBANG,530708F9-5174-43CE-A6A0-04AB58631829,3b8f731e-9aa2-4f29-af8c-20d0b7f40999,true,true
DB73E068-5F9F-4F30-B57C-C98A9F5BBF95,SU259,Hôpital AD LUCEM de Nden,530708F9-5174-43CE-A6A0-04AB58631829,3b8f731e-9aa2-4f29-af8c-20d0b7f40992,true,true
E58A494C-F425-405E-84EA-467C552BE351,SU008,HD DJOUM,C108BFC3-E37C-4998-9417-59BFA0F77CED,3b8f731e-9aa2-4f29-af8c-20d0b7f40992,true,true
17F05156-0BA2-4E2E-9AA3-E808979FF688,SU068,CMA DE MINTOM,C108BFC3-E37C-4998-9417-59BFA0F77CED,3b8f731e-9aa2-4f29-af8c-20d0b7f40999,true,true
693AA885-A20C-4627-BC19-54C47D0151B6,SU061,CSI DJOUM URBAIN,C108BFC3-E37C-4998-9417-59BFA0F77CED,3b8f731e-9aa2-4f29-af8c-20d0b7f40999,true,true
2C82CA9C-BA67-4D62-9414-A36E01F9DF76,SU064,CSC ABING DJOUM,C108BFC3-E37C-4998-9417-59BFA0F77CED,3b8f731e-9aa2-4f29-af8c-20d0b7f40999,true,true
72F893A5-13DC-4849-95BA-F72FBF94A9E5,SU051,CISI MEFOUP,EE9FE505-90BA-4E8B-9DF6-A993D9265103,3b8f731e-9aa2-4f29-af8c-20d0b7f40999,true,true
C5AEDC98-0936-4D25-8CEA-C3F475E3940E,SU158,CSI NLENDE,525831A3-0129-46FD-8739-6231C0D9ACD7,3b8f731e-9aa2-4f29-af8c-20d0b7f40999,true,true
F4919758-5FFB-49E9-9079-C7D52A9D27F7,SU040,CSI ASSANDJIK,EE9FE505-90BA-4E8B-9DF6-A993D9265103,3b8f731e-9aa2-4f29-af8c-20d0b7f40999,true,true
E5CC7307-65D3-470D-820E-72434E6B6A39,SU089,CMA OVENG,C108BFC3-E37C-4998-9417-59BFA0F77CED,3b8f731e-9aa2-4f29-af8c-20d0b7f40999,true,true
8D64DFA4-099E-4F5C-A968-0E275772C255,SU133,CSI ELOGBATINDI,525831A3-0129-46FD-8739-6231C0D9ACD7,3b8f731e-9aa2-4f29-af8c-20d0b7f40999,true,true
09CDCCD2-5521-4B7F-90B2-DE209BFA6EEC,SUMMI,CSI MENDJIMI,EE9FE505-90BA-4E8B-9DF6-A993D9265103,3b8f731e-9aa2-4f29-af8c-20d0b7f40999,true,true
EB856E2D-F16D-4EB1-BD1A-2D032DA04418,SU261,CS EPC  NKOUMADJAP,530708F9-5174-43CE-A6A0-04AB58631829,3b8f731e-9aa2-4f29-af8c-20d0b7f40999,true,true
9A726DB1-847B-40B0-A2FB-D03AF3F1AAC2,SU005,HD ZOETELE,530708F9-5174-43CE-A6A0-04AB58631829,3b8f731e-9aa2-4f29-af8c-20d0b7f40992,true,true
6F61E165-A479-4602-B5BD-B6E0D7C1A5D6,NO060,Centre Medico-Social CNPS,E4BA7988-B405-4088-8F79-7063166E096D,3b8f731e-9aa2-4f29-af8c-20d0b7f40999,true,true
A437F298-5BEA-49FD-94BD-99CDBC21BC6F,NODTU,Clinique Djamboutou,E4BA7988-B405-4088-8F79-7063166E096D,3b8f731e-9aa2-4f29-af8c-20d0b7f40999,true,true
64AE82B5-EE53-413E-8A5D-F111BF7560EC,NO262,CSI DJAMBOUTOU,E4BA7988-B405-4088-8F79-7063166E096D,3b8f731e-9aa2-4f29-af8c-20d0b7f40999,true,true
CE620185-565A-4FDC-B7A5-EE76E6ABAE38,NO073,Hopital Notre Dame des Apotres de Djamboutou,E4BA7988-B405-4088-8F79-7063166E096D,3b8f731e-9aa2-4f29-af8c-20d0b7f40999,true,true
2544B06C-016D-4055-9C3E-7B4D8183FC88,NO063,CS ISLAMIQUE ALBIRI,E4BA7988-B405-4088-8F79-7063166E096D,3b8f731e-9aa2-4f29-af8c-20d0b7f40999,true,true
90CE99E2-41C5-4382-8A3F-F6F6CD0DB40A,NO066,CSI BASE AERIENNE,E4BA7988-B405-4088-8F79-7063166E096D,3b8f731e-9aa2-4f29-af8c-20d0b7f40999,true,true
0638543B-AE10-4C31-B904-D80E92CB5DE4,NO065,CSI BARMARI,E4BA7988-B405-4088-8F79-7063166E096D,3b8f731e-9aa2-4f29-af8c-20d0b7f40999,true,true
A3FFBCCD-A475-47D6-8ABA-4474BCEC3556,NO067,CSI DE GAROUA WINDE,E4BA7988-B405-4088-8F79-7063166E096D,3b8f731e-9aa2-4f29-af8c-20d0b7f40999,true,true
92E4BAEF-B930-483E-BA4F-5238B057EE55,NO263,CSI GAROUA LOWEL,E4BA7988-B405-4088-8F79-7063166E096D,3b8f731e-9aa2-4f29-af8c-20d0b7f40999,true,true
43E6E6CD-64B6-4119-9952-342DAB14F957,NO070,CSI DE SOUARI,E4BA7988-B405-4088-8F79-7063166E096D,3b8f731e-9aa2-4f29-af8c-20d0b7f40999,true,true
29EE3596-E361-4D30-9DB5-8B533E9F986D,NO1402,CMA GOUNA,6ACBF8C6-CE98-4875-A128-1996E358AB9F,3b8f731e-9aa2-4f29-af8c-20d0b7f40999,true,true
73535A8F-32DF-40E5-A009-0AD3B968F59C,NOCSI,CS Islamique,6ACBF8C6-CE98-4875-A128-1996E358AB9F,3b8f731e-9aa2-4f29-af8c-20d0b7f40999,true,true
18F6F937-9495-4693-84FB-09A34415FEBC,NO131,CSI BADANKALI,6ACBF8C6-CE98-4875-A128-1996E358AB9F,3b8f731e-9aa2-4f29-af8c-20d0b7f40999,true,true
F7BF6D11-7B0C-40D3-85E1-7D4DFE724814,NO133,CSI BAKONA,6ACBF8C6-CE98-4875-A128-1996E358AB9F,3b8f731e-9aa2-4f29-af8c-20d0b7f40999,true,true
141E2AFD-C6D9-4B77-91A1-1E8E52E03AE1,NO137,CSI DJANGA,6ACBF8C6-CE98-4875-A128-1996E358AB9F,3b8f731e-9aa2-4f29-af8c-20d0b7f40999,true,true
65EEE3CF-87DB-4AB9-BE57-36E801CA9753,NO143,CSI LAMOUDAM,6ACBF8C6-CE98-4875-A128-1996E358AB9F,3b8f731e-9aa2-4f29-af8c-20d0b7f40999,true,true
0A6757FD-6B04-4A62-8B79-3020D3470748,NO147,CSI TONGO,6ACBF8C6-CE98-4875-A128-1996E358AB9F,3b8f731e-9aa2-4f29-af8c-20d0b7f40999,true,true
6EA0F2AE-E3DE-43DD-BB9E-8DC492D14DB7,NO134,CSI BAME,6ACBF8C6-CE98-4875-A128-1996E358AB9F,3b8f731e-9aa2-4f29-af8c-20d0b7f40999,true,true
6240433E-4EC3-4E5A-A09C-E67BE169A707,NO135,CSI BOCKI,6ACBF8C6-CE98-4875-A128-1996E358AB9F,3b8f731e-9aa2-4f29-af8c-20d0b7f40999,true,true
7E6D32F2-41EF-4DD0-BA07-A56EE32B1EE9,NOCBK,CSI Bourkina,6ACBF8C6-CE98-4875-A128-1996E358AB9F,3b8f731e-9aa2-4f29-af8c-20d0b7f40999,true,true
AD2ADF82-4D83-4180-84EB-D5085B5D97BA,NOCCO,CSI Communautaire,6ACBF8C6-CE98-4875-A128-1996E358AB9F,3b8f731e-9aa2-4f29-af8c-20d0b7f40999,true,true
B86019A5-CCD5-4F0E-B415-7EB30791C890,NO132,CSI BADJAOULE,6ACBF8C6-CE98-4875-A128-1996E358AB9F,3b8f731e-9aa2-4f29-af8c-20d0b7f40999,true,true
01736D5B-B497-41AA-BAED-2F06FB005D0D,NO146,CSI de la Zone de Recasement,6ACBF8C6-CE98-4875-A128-1996E358AB9F,3b8f731e-9aa2-4f29-af8c-20d0b7f40999,true,true
4B27186B-6F12-42A4-8C1C-8DF1FD09FA36,NO136,CSI DINGALE,6ACBF8C6-CE98-4875-A128-1996E358AB9F,3b8f731e-9aa2-4f29-af8c-20d0b7f40999,true,true
717B0452-75DB-4F29-A4A2-DBF1D89FC1DF,NO140,CSI Djamboutou Gouna,6ACBF8C6-CE98-4875-A128-1996E358AB9F,3b8f731e-9aa2-4f29-af8c-20d0b7f40999,true,true
2DC87DA5-6F88-474B-A4F6-F9CD6D978D28,NO138,CSI DJIPPORDE,6ACBF8C6-CE98-4875-A128-1996E358AB9F,3b8f731e-9aa2-4f29-af8c-20d0b7f40999,true,true
A4E6CE55-AB6C-4C1C-AA34-7BE7FA5F2F35,NO139,CSI DJOULOL BOCKI,6ACBF8C6-CE98-4875-A128-1996E358AB9F,3b8f731e-9aa2-4f29-af8c-20d0b7f40999,true,true
F3411106-62C7-4500-A937-7E16B2BF21CE,NO141,CSI GOUNOUGOU,6ACBF8C6-CE98-4875-A128-1996E358AB9F,3b8f731e-9aa2-4f29-af8c-20d0b7f40999,true,true
FA984EDC-B6CF-4B46-A21D-3AB83CFE41A1,NOCKA,CSI KATE,6ACBF8C6-CE98-4875-A128-1996E358AB9F,3b8f731e-9aa2-4f29-af8c-20d0b7f40999,true,true
D9831FF1-0D3C-4865-AE37-00A0BED016C4,NO142,CSI LAGDO URBAIN,6ACBF8C6-CE98-4875-A128-1996E358AB9F,3b8f731e-9aa2-4f29-af8c-20d0b7f40999,true,true
BDA54800-4BB8-4AC9-8CD0-F2751F8F99E6,NOCNA,CSI NAARI,6ACBF8C6-CE98-4875-A128-1996E358AB9F,3b8f731e-9aa2-4f29-af8c-20d0b7f40999,true,true
29409EB5-C9C7-4CA5-B398-69D1CF63BAF7,NO145,CSI Ouro Kessoum,6ACBF8C6-CE98-4875-A128-1996E358AB9F,3b8f731e-9aa2-4f29-af8c-20d0b7f40999,true,true
81BD0F95-FE62-404F-9557-F1429CD270E1,NOCZE,CSI ZERA,6ACBF8C6-CE98-4875-A128-1996E358AB9F,3b8f731e-9aa2-4f29-af8c-20d0b7f40999,true,true
35A2DE5F-7464-4389-9ACD-691F60C28C95,NO069,CSI DE OUROU KANADI,E4BA7988-B405-4088-8F79-7063166E096D,3b8f731e-9aa2-4f29-af8c-20d0b7f40999,true,true
B3EA9107-E355-42EB-9709-C633B5A30AB6,SU215,CMA BIWONG BULU,EE9FE505-90BA-4E8B-9DF6-A993D9265103,3b8f731e-9aa2-4f29-af8c-20d0b7f40999,true,true
3B7EF59F-34D1-4638-89F2-F3D685B66694,CE001,Hopital Central de Yaoundé,75884548-F5B9-4CD2-9EA1-DE96A6B58060,3b8f731e-9aa2-4f29-af8c-20d0b7f40992,true,true
B7BDEDCD-93D9-4324-BC8D-F5A12FC94FE4,CE003,Hopital Général de Yaoundé,943A863B-2318-4B75-A4BE-D2738BC636B3,3b8f731e-9aa2-4f29-af8c-20d0b7f40992,true,true
23D7A73E-DBAA-461D-AA8F-159AEEF26AD5,CE006,Centre Hospitalier Universitaire de Yaounde (CHUY),4F533726-9518-4490-9C1F-2013CBDD2F2D,3b8f731e-9aa2-4f29-af8c-20d0b7f40992,true,true
DE889771-22A7-40A5-AC73-29CE035C5AB1,CE058,HD NKOMO,5BB53ED0-8C77-489B-BCA9-833877F69320,3b8f731e-9aa2-4f29-af8c-20d0b7f40992,true,true
3B8DC164-4D91-46BB-B2E5-C99E603422EC,CE051,HD NKOLNDONGO,5BB53ED0-8C77-489B-BCA9-833877F69320,3b8f731e-9aa2-4f29-af8c-20d0b7f40992,true,true
4FAF2135-1960-4941-B374-427F670DABE3,CE024,HD MFOU,3A608D8B-EC26-4B31-BCC5-8D6904A64521,3b8f731e-9aa2-4f29-af8c-20d0b7f40992,true,true
222B99E7-4DCB-452B-9F4F-545141E618AF,CE019,HD BAFIA,A443D095-3C2A-49FE-A666-BDDC0103ADD8,3b8f731e-9aa2-4f29-af8c-20d0b7f40992,true,true
8A004C9F-F1AE-488F-907D-5382998E03AF,CE025,HD NGOUMOU,57AE1069-1C79-4E6A-A8EA-B148282C0478,3b8f731e-9aa2-4f29-af8c-20d0b7f40992,true,true
B04B1FDB-1672-41DA-9980-CBA5FA99B689,CE020,HD MONATELE,45F25836-ECC5-4D89-8657-D2F96471B9F9,3b8f731e-9aa2-4f29-af8c-20d0b7f40992,true,true
274B7B5D-CE4C-4444-97CF-86162998BDFE,CE016,HD MBALMAYO,B24ADCD6-9A32-4FD5-A877-BB14FE4D431F,3b8f731e-9aa2-4f29-af8c-20d0b7f40992,true,true
563F9DF5-F71B-4A21-9CE8-CD212CA7DB90,CE022,HRA AYOS,9326C9EF-06FD-44C0-9D68-505446D58701,3b8f731e-9aa2-4f29-af8c-20d0b7f40992,true,true
38F7A059-EDD3-4F6F-ABB7-6B62296B210D,CE015,HD SA'A,510CFC2F-FA11-4744-B948-5B4D14D09D57,3b8f731e-9aa2-4f29-af8c-20d0b7f40992,true,true
75DCEDBB-468C-4BCA-BC84-E9C75D5FB68D,CE042,HD NTUI,9048BE70-A2EF-42F5-B44C-C040614D77BA,3b8f731e-9aa2-4f29-af8c-20d0b7f40992,true,true
9587C51C-877A-4E0A-AD0B-AEF3A357E9CB,CE797,HOPITAL SAINT LUC,B24ADCD6-9A32-4FD5-A877-BB14FE4D431F,3b8f731e-9aa2-4f29-af8c-20d0b7f40992,true,true
D4CD5C98-F3FD-4A7E-8502-C68BDBBD5432,CE031,HOPITAL AD LUCEM D'EFOK,806B0D16-53C7-4E18-80D0-ABDB24E25037,3b8f731e-9aa2-4f29-af8c-20d0b7f40992,true,true
2A9E30B1-6447-461F-A574-809CC724EE9E,CE021,HD NDIKINIMEKI,9F64B3CD-F0A8-4FC0-8EC3-8B2BB70F1672,3b8f731e-9aa2-4f29-af8c-20d0b7f40992,true,true
3B334D72-0946-42B4-8A36-9C91048B5855,CE094,HD MBANDJOCK,478C02A5-C0E9-4CF3-BC87-477C093BC515,3b8f731e-9aa2-4f29-af8c-20d0b7f40992,true,true
F6B18D5D-48AD-4A98-86BD-DEFDDA80AACB,CE030,HD BIYEM ASSI,4F533726-9518-4490-9C1F-2013CBDD2F2D,3b8f731e-9aa2-4f29-af8c-20d0b7f40992,true,true
043AFF77-4D14-4825-A17B-EDFE93356D90,CE026,HD CITE VERTE,75884548-F5B9-4CD2-9EA1-DE96A6B58060,3b8f731e-9aa2-4f29-af8c-20d0b7f40992,true,true
03A07BAE-9D9E-4DB0-AE12-7C4CB1A507D0,CE069,HD ODZA,5BB53ED0-8C77-489B-BCA9-833877F69320,3b8f731e-9aa2-4f29-af8c-20d0b7f40992,true,true
35B760CB-A32A-48D8-A144-5FBA09C91D14,CE027,CENTRE MEDICAL DE LA POLICE,75884548-F5B9-4CD2-9EA1-DE96A6B58060,3b8f731e-9aa2-4f29-af8c-20d0b7f40999,true,true
1DE026AE-DDCE-4971-A941-018A919D1675,CE008,CME FONDATION CHANTAL BIYA,75884548-F5B9-4CD2-9EA1-DE96A6B58060,3b8f731e-9aa2-4f29-af8c-20d0b7f40992,true,true
7302E9CA-3A23-4027-A307-258F439A72E2,CE053,HOPITAL BETHESDA,75884548-F5B9-4CD2-9EA1-DE96A6B58060,3b8f731e-9aa2-4f29-af8c-20d0b7f40992,true,true
42BA9D5F-5068-4B19-B97E-2DA2D697FF32,CE061,CM HENRI DUNANT DE LA CROIX ROUGE,75884548-F5B9-4CD2-9EA1-DE96A6B58060,3b8f731e-9aa2-4f29-af8c-20d0b7f40992,true,true
45BE5421-ACCD-40A8-AF11-087196B1FD3C,CE0062,CENTRE HOSPITALIER UNIVERSITAIRE,4F533726-9518-4490-9C1F-2013CBDD2F2D,3b8f731e-9aa2-4f29-af8c-20d0b7f40992,true,true
B3AA8E83-D729-413E-A178-565EEFDC27BC,CE035,CHD SAINT MARTIN DE PORRES,75884548-F5B9-4CD2-9EA1-DE96A6B58060,3b8f731e-9aa2-4f29-af8c-20d0b7f40992,true,true
D615E68D-273C-4A75-8CC6-CA49F78CFCC4,CE055,ETOUG EBE BAPTIST HEALTH CENTER,4F533726-9518-4490-9C1F-2013CBDD2F2D,3b8f731e-9aa2-4f29-af8c-20d0b7f40992,true,true
AB7C2D8D-6511-4299-BF1F-440637B7AD68,CE087,CSC NICOLAS BARRES,5BB53ED0-8C77-489B-BCA9-833877F69320,3b8f731e-9aa2-4f29-af8c-20d0b7f40992,true,true
5582F3C4-ED7E-47AB-A534-7AC4DDCCD4EE,CE009,CASS NKOLDONGO,5BB53ED0-8C77-489B-BCA9-833877F69320,3b8f731e-9aa2-4f29-af8c-20d0b7f40992,true,true
56D9B0BE-78E6-4EB5-A3B6-829923AA4CEE,CE029,INFIRMERIE PRISON CENTRALE,5BB53ED0-8C77-489B-BCA9-833877F69320,3b8f732e-9aa2-4f29-af8c-20d0b7f40999,true,true
6EFD273A-8200-44DA-9EB9-D4CFFD3E9739,CE004,HGOPY: Hôpital Gyneco-Opstetrique et Pédiatrique de Ydé,943A863B-2318-4B75-A4BE-D2738BC636B3,3b8f731e-9aa2-4f29-af8c-20d0b7f40992,true,true
9EA6C82D-0A78-4B07-ABE7-665269B650DE,CE005,CENTRE HOSPITALIER ESSOS CNPS,943A863B-2318-4B75-A4BE-D2738BC636B3,3b8f731e-9aa2-4f29-af8c-20d0b7f40992,true,true
95B6F01C-D20F-407F-85DA-711F1DFD59F5,CE002,HOPITAL JAMOT,943A863B-2318-4B75-A4BE-D2738BC636B3,3b8f731e-9aa2-4f29-af8c-20d0b7f40992,true,true
630ACECB-B1D8-4950-AC1A-A66EB305FF85,CE057,HD MVOG ADA,943A863B-2318-4B75-A4BE-D2738BC636B3,3b8f731e-9aa2-4f29-af8c-20d0b7f40992,true,true
71F2EB10-05D0-4B48-A2D1-ECCFAB58DB0C,CE052,HD OLEMBE,943A863B-2318-4B75-A4BE-D2738BC636B3,3b8f731e-9aa2-4f29-af8c-20d0b7f40992,true,true
73B85E57-AC67-4218-BF0F-EFFB94D2B368,CE037,HD EFOULAN,2B496BF4-B9D8-47EC-9C77-C3AC18876BB3,3b8f731e-9aa2-4f29-af8c-20d0b7f40992,true,true
979C4499-F03B-4F8A-A230-74018D9B65C3,CE582,HOPITAL MILLITAIRE DE YAOUNDE,4F533726-9518-4490-9C1F-2013CBDD2F2D,3b8f731e-9aa2-4f29-af8c-20d0b7f40992,true,true
48059BA2-2079-469C-A4A9-04435DC972C9,CE046,HD NKOLBISSON,4FBADB04-60D4-4D54-9D47-2CE2ACD4FF06,3b8f731e-9aa2-4f29-af8c-20d0b7f40992,true,true
EE89CCD8-1EEE-45FE-8E79-514EDAFA3099,CE017,HD NGOG MAPUBI,C570B301-DE3F-416A-A387-9163E0023989,3b8f731e-9aa2-4f29-af8c-20d0b7f40992,true,true
CFFD6CF0-58CA-4FCB-91A3-CDB957F230AE,CE013,HD OBALA,806B0D16-53C7-4E18-80D0-ABDB24E25037,3b8f731e-9aa2-4f29-af8c-20d0b7f40992,true,true
F8AD7905-6830-45BB-9610-843B02ADA9C3,CE032,HD AKONOLINGA,287D5B26-A00A-4B69-BE15-C283C9D55621,3b8f731e-9aa2-4f29-af8c-20d0b7f40992,true,true
9A813A57-853F-4229-B18D-1D6E77A750B1,CE040,HD OKOLA,917425F9-842B-4BAF-9B4A-649EA47A1977,3b8f731e-9aa2-4f29-af8c-20d0b7f40992,true,true
6B79EABD-211A-4491-A319-8C1BC74EAB4B,CE018,HD ESEKA,FBB8366A-03BD-4A06-9DAC-E29078D60BD7,3b8f731e-9aa2-4f29-af8c-20d0b7f40992,true,true
308CDC0F-2ED9-44A8-8521-9033E083BD88,CE038,HD SOA,D7D519EE-6340-4445-91AE-16A90DBC075B,3b8f731e-9aa2-4f29-af8c-20d0b7f40992,true,true
ED18A6E4-F0E9-4659-A5AB-0A9173DB09AB,CE014,HD NANGA EBOKO,9DBFF1B4-A7B5-472C-B8AB-942611C5F3DB,3b8f731e-9aa2-4f29-af8c-20d0b7f40992,true,true
F9596DC6-6A26-4ECB-8938-6B1B1373FA11,CE036,CS CATH BIKOP,57AE1069-1C79-4E6A-A8EA-B148282C0478,3b8f731e-9aa2-4f29-af8c-20d0b7f40999,true,true
9C7288A8-A45E-4843-8872-63119573CD6A,CE074,Centre de Sante Catholique Mont Calvaire,943A863B-2318-4B75-A4BE-D2738BC636B3,3b8f731e-9aa2-4f29-af8c-20d0b7f40999,true,true
F1062059-9D02-48DB-A128-FEF96E684D88,CE059,HOPITAL CATHOLIQUE DEO GRATIAS,943A863B-2318-4B75-A4BE-D2738BC636B3,3b8f731e-9aa2-4f29-af8c-20d0b7f40992,true,true
7340444E-92C8-475B-9CCF-663AA2576B5C,CE041,CMA ELIG ESSONO,943A863B-2318-4B75-A4BE-D2738BC636B3,3b8f731e-9aa2-4f29-af8c-20d0b7f40999,true,true
084D0B32-2DC8-4AD7-87FE-5893A0A074CD,CE082,HOPES SERVICES CLINIC,943A863B-2318-4B75-A4BE-D2738BC636B3,3b8f731e-9aa2-4f29-af8c-20d0b7f40992,true,true
1B81B290-F022-40BC-B934-BAEA52CF829C,CE065,Centre Medical Marie Reine Etoudi,943A863B-2318-4B75-A4BE-D2738BC636B3,3b8f731e-9aa2-4f29-af8c-20d0b7f40999,true,true
82798944-BED7-4F10-8027-73C67B9461BE,CE010,HOPITAL EPC DJOUNGOLO,943A863B-2318-4B75-A4BE-D2738BC636B3,3b8f731e-9aa2-4f29-af8c-20d0b7f40992,true,true
AE800D8A-F8A9-4F39-8438-FAAFA9ED6E51,CE011,CLINIQUE BASTOS,943A863B-2318-4B75-A4BE-D2738BC636B3,3b8f731e-9aa2-4f29-af8c-20d0b7f40992,true,true
926CDF5B-243B-494C-A4C1-BB29DCB1C89E,CE054,Centre de Sante Catholique NKOLONDOM,943A863B-2318-4B75-A4BE-D2738BC636B3,3b8f731e-9aa2-4f29-af8c-20d0b7f40999,true,true
A163EC60-49B6-4CBF-B30A-2AB8442F14E4,CE064,CMA AHALA,2B496BF4-B9D8-47EC-9C77-C3AC18876BB3,3b8f731e-9aa2-4f29-af8c-20d0b7f40999,true,true
539388C5-9F5D-425C-B8E6-DC1E82EB8C91,CE063,CSC MVOLYE,2B496BF4-B9D8-47EC-9C77-C3AC18876BB3,3b8f731e-9aa2-4f29-af8c-20d0b7f40999,true,true
